id,name,created_at,updated_at
1,FRANCISCO GONZALEZ,2025-08-13 17:14:23,2025-08-13 17:14:23
2,COMERC.RF SPA,2025-08-13 17:14:23,2025-08-13 17:14:23
3,EXP.RM SPA,2025-08-13 17:14:23,2025-08-13 17:14:23
4,PROPAL S.A.,2025-08-13 17:14:23,2025-08-13 17:14:23
5,CALBU SPA,2025-08-13 17:14:23,2025-08-13 17:14:23
6,RONALD CASTILLO,2025-08-13 17:14:23,2025-08-13 17:14:23
7,EXP.SUBSOLE,2025-08-13 17:14:23,2025-08-13 17:14:23
8,ATLAS FRESH SPA,2025-08-13 17:14:23,2025-08-13 17:14:23
9,LOS ORGONES SPA,2025-08-13 17:14:23,2025-08-13 17:14:23
10,AGRICOLA BCM SP,2025-08-13 17:14:23,2025-08-13 17:14:23
11,AGRICOLA GVT SP,2025-08-13 17:14:23,2025-08-13 17:14:23
12,GIDDINGS BERRIES CHI,2025-08-13 17:14:23,2025-08-13 17:14:23
13,HORTIFRUT CHILE,2025-08-13 17:14:23,2025-08-13 17:14:23
14,MONDASOL LTDA.,2025-08-13 17:14:23,2025-08-13 17:14:23
15,FRUTEXSA,2025-08-13 17:14:23,2025-08-13 17:14:23
16,REINA SUR SPA,2025-08-13 17:14:23,2025-08-13 17:14:23
17,S&A CHILE S.A.,2025-08-13 17:14:23,2025-08-13 17:14:23
18,FRUSAN S.A.,2025-08-13 17:14:23,2025-08-13 17:14:23
19,EXP.SAN CLEMENTE S.A,2025-08-13 17:14:23,2025-08-13 17:14:23
20,SAN ALBERTO S.A,2025-08-13 17:14:23,2025-08-13 17:14:23
21,FRUTAM LTDA.,2025-08-13 17:14:23,2025-08-13 17:14:23
22,UNIFRUTTI SPA,2025-08-13 17:14:23,2025-08-13 17:14:23
23,DOLE-CHILE S.A.,2025-08-13 17:14:23,2025-08-13 17:14:23
24,TOTAL FRUIT COM,2025-08-13 17:14:23,2025-08-13 17:14:23
25,BAIKA S.A.,2025-08-13 17:14:23,2025-08-13 17:14:23
26,AGRICOM SPA,2025-08-13 17:14:23,2025-08-13 17:14:23
27,INVERSIONES HEH,2025-08-13 17:14:23,2025-08-13 17:14:23
28,EASTER ISLAND,2025-08-13 17:14:23,2025-08-13 17:14:23
29,RAFAGRO SPA,2025-08-13 17:14:23,2025-08-13 17:14:23
30,SRA MANZANA SPA,2025-08-13 17:14:23,2025-08-13 17:14:23
31,SOC.EXP.LA PAZ,2025-08-13 17:14:23,2025-08-13 17:14:23
32,PACIFIC NUT S.A,2025-08-13 17:14:23,2025-08-13 17:14:23
33,EXP.FRUGAL S.A.,2025-08-13 17:14:23,2025-08-13 17:14:23
34,PURA VIDA LTDA.,2025-08-13 17:14:23,2025-08-13 17:14:23
35,MIPAL JORGE ROJ,2025-08-13 17:14:23,2025-08-13 17:14:23
36,EL PARQUE LTDA.,2025-08-13 17:14:23,2025-08-13 17:14:23
37,EXP.SKIFRUIT SP,2025-08-13 17:14:23,2025-08-13 17:14:23
38,SOL D MAULE SPA,2025-08-13 17:14:23,2025-08-13 17:14:23
39,ZURGROUP S.A.,2025-08-13 17:14:23,2025-08-13 17:14:23
40,PRIZE S.A.,2025-08-13 17:14:23,2025-08-13 17:14:23
41,NORFRUT CHILE L,2025-08-13 17:14:23,2025-08-13 17:14:23
42,CHILE TERRA SPA,2025-08-13 17:14:23,2025-08-13 17:14:23
43,ALFABERRIES LTD,2025-08-13 17:14:23,2025-08-13 17:14:23
44,INV.AGROBERRIES,2025-08-13 17:14:23,2025-08-13 17:14:23
45,EMPRESA AGR.HCL TDA.,2025-08-13 17:14:23,2025-08-13 17:14:23
46,LAFRUT LTDA.,2025-08-13 17:14:23,2025-08-13 17:14:23
47,ELIZABETH GONZALEZ,2025-08-13 17:14:23,2025-08-13 17:14:23
48,PATRONUM SPA,2025-08-13 17:14:23,2025-08-13 17:14:23
49,EL REFUGIO,2025-08-13 17:14:23,2025-08-13 17:14:23
50,IVAN A.ABRIGO,2025-08-13 17:14:23,2025-08-13 17:14:23
51,COM.PROVEFRUT S,2025-08-13 17:14:23,2025-08-13 17:14:23
52,LO GARCES LTDA.,2025-08-13 17:14:23,2025-08-13 17:14:23
53,EXP.RM LTDA.,2025-08-13 17:14:23,2025-08-13 17:14:23
54,CRISANTI EXP.SP,2025-08-13 17:14:23,2025-08-13 17:14:23
55,AGROTUNCAHUE LT,2025-08-13 17:14:23,2025-08-13 17:14:23
56,VERONICA ALTAMIR,2025-08-13 17:14:23,2025-08-13 17:14:23
57,FRUFRESH SPA,2025-08-13 17:14:23,2025-08-13 17:14:23
58,GREENVIC SPA,2025-08-13 17:14:23,2025-08-13 17:14:23
59,ANDES SECRET SPA,2025-08-13 17:14:23,2025-08-13 17:14:23
60,EXP.SANTA CRUZ,2025-08-13 17:14:23,2025-08-13 17:14:23
61,AG.LA CAMPANA,2025-08-13 17:14:23,2025-08-13 17:14:23
62,ANDES HARVES FO,2025-08-13 17:14:23,2025-08-13 17:14:23
63,EXP.ALNUEZ S.A.,2025-08-13 17:14:23,2025-08-13 17:14:23
64,LA ROSA SOFRUCO,2025-08-13 17:14:23,2025-08-13 17:14:23
65,CABILFRUT S.A.,2025-08-13 17:14:23,2025-08-13 17:14:23
66,ECOTERRA EXPORT,2025-08-13 17:14:23,2025-08-13 17:14:23
67,CIA CHILENA FRU,2025-08-13 17:14:23,2025-08-13 17:14:23
68,MEYER LTDA.,2025-08-13 17:14:23,2025-08-13 17:14:23
69,EXP.ANAKENA,2025-08-13 17:14:23,2025-08-13 17:14:23
70,EXP.LABERINTO,2025-08-13 17:14:23,2025-08-13 17:14:23
71,LITORAL TRADE,2025-08-13 17:14:23,2025-08-13 17:14:23
72,CRISPA GOLD S.A,2025-08-13 17:14:23,2025-08-13 17:14:23
73,HUERT.DEL VALLE,2025-08-13 17:14:23,2025-08-13 17:14:23
74,GROWEX S.A.,2025-08-13 17:14:23,2025-08-13 17:14:23
75,SMARTNUTS SPA,2025-08-13 17:14:23,2025-08-13 17:14:23
76,SNACKBERRIES SP,2025-08-13 17:14:23,2025-08-13 17:14:23
77,JUAN GUTIERREZ LTDA.,2025-08-13 17:14:23,2025-08-13 17:14:23
78,SOC.C & L FRUT SPA,2025-08-13 17:14:23,2025-08-13 17:14:23
79,RED AND BLUE B,2025-08-13 17:14:23,2025-08-13 17:14:23
80,ROSALES S.A.,2025-08-13 17:14:23,2025-08-13 17:14:23
81,AGR.CERES LTDA,2025-08-13 17:14:23,2025-08-13 17:14:23
82,AGRICHILE,2025-08-13 17:14:23,2025-08-13 17:14:23
83,COPEFRUT S.A.,2025-08-13 17:14:23,2025-08-13 17:14:23
84,ALMEVAL S.A.,2025-08-13 17:14:23,2025-08-13 17:14:23
85,LA INVERNADA EX,2025-08-13 17:14:23,2025-08-13 17:14:23
86,DOSAL HNOS.,2025-08-13 17:14:23,2025-08-13 17:14:23
87,NUECES DEL SUR,2025-08-13 17:14:23,2025-08-13 17:14:23
88,LA MONTAÑA LTDA,2025-08-13 17:14:23,2025-08-13 17:14:23
89,VALBIFRUT S.A.,2025-08-13 17:14:23,2025-08-13 17:14:23
90,NICOFRUT S.A.,2025-08-13 17:14:23,2025-08-13 17:14:23
91,GRAVO S.A.,2025-08-13 17:14:23,2025-08-13 17:14:23
92,TYT EXPORT S.A.,2025-08-13 17:14:23,2025-08-13 17:14:23
93,EXP.ERFRUT SPA,2025-08-13 17:14:23,2025-08-13 17:14:23
94,ANDINEXIA SPA,2025-08-13 17:14:23,2025-08-13 17:14:23
95,AGROROFF SPA,2025-08-13 17:14:23,2025-08-13 17:14:23
96,TGS CHILE SPA,2025-08-13 17:14:23,2025-08-13 17:14:23
97,PARMEX S.A.,2025-08-13 17:14:23,2025-08-13 17:14:23
98,FRUNUT S P A,2025-08-13 17:14:23,2025-08-13 17:14:23
99,AGRISOUTHESTATE,2025-08-13 17:14:23,2025-08-13 17:14:23
100,GREENEX SPA,2025-08-13 17:14:23,2025-08-13 17:14:23
101,EXP.VALVALLE LT,2025-08-13 17:14:23,2025-08-13 17:14:23
102,EXP.QUELEN SPA,2025-08-13 17:14:23,2025-08-13 17:14:23
103,MELIFEN LTDA.,2025-08-13 17:14:23,2025-08-13 17:14:23
104,VITAKAI S.A.,2025-08-13 17:14:23,2025-08-13 17:14:23
105,CHERRY TRADERS,2025-08-13 17:14:23,2025-08-13 17:14:23
106,J.SCHMIDT EXPOR,2025-08-13 17:14:23,2025-08-13 17:14:23
107,CALAFATE SPA,2025-08-13 17:14:23,2025-08-13 17:14:23
108,EXP.RIO KING,2025-08-13 17:14:23,2025-08-13 17:14:23
109,EL ESPINO LTDA,2025-08-13 17:14:23,2025-08-13 17:14:23
110,GESEX S.A.,2025-08-13 17:14:23,2025-08-13 17:14:23
111,BOTANICA SPA,2025-08-13 17:14:23,2025-08-13 17:14:23
112,PACIFIC TANGO S,2025-08-13 17:14:23,2025-08-13 17:14:23
113,MAITENAL LTDA.,2025-08-13 17:14:23,2025-08-13 17:14:23
114,LA QUIROGA LTDA,2025-08-13 17:14:23,2025-08-13 17:14:23
115,FERNANDEZROMERO,2025-08-13 17:14:23,2025-08-13 17:14:23
116,A5 EXPORT SPA,2025-08-13 17:14:23,2025-08-13 17:14:23
117,BF COMERCIO EXP,2025-08-13 17:14:23,2025-08-13 17:14:23
118,BALLERINA CHILE,2025-08-13 17:14:23,2025-08-13 17:14:23
119,EL CANELILLO S.,2025-08-13 17:14:23,2025-08-13 17:14:23
120,GLS EXPORTS LTDA.,2025-08-13 17:14:23,2025-08-13 17:14:23
121,EXPO HMC,2025-08-13 17:14:23,2025-08-13 17:14:23
122,NUECES DEL CHOA,2025-08-13 17:14:23,2025-08-13 17:14:23
123,FRUTA AUSTRAL,2025-08-13 17:14:23,2025-08-13 17:14:23
124,SAN OSVALDO SPA,2025-08-13 17:14:23,2025-08-13 17:14:23
125,SANTA ELENA S.A,2025-08-13 17:14:23,2025-08-13 17:14:23
126,CERRO EL PLOMO,2025-08-13 17:14:23,2025-08-13 17:14:23
127,AGROFACTOR,2025-08-13 17:14:23,2025-08-13 17:14:23
128,MAHUIDA NUTS S.,2025-08-13 17:14:23,2025-08-13 17:14:23
129,SIGALFRUTTS LTD,2025-08-13 17:14:23,2025-08-13 17:14:23
130,PARTNERS FRUIT,2025-08-13 17:14:23,2025-08-13 17:14:23
131,ONIZZO EXPORT.,2025-08-13 17:14:23,2025-08-13 17:14:23
132,YAGUELMAPU EXP.,2025-08-13 17:14:23,2025-08-13 17:14:23
133,TOPFRUT NUTS LT,2025-08-13 17:14:23,2025-08-13 17:14:23
134,MAGNA TRADING S,2025-08-13 17:14:23,2025-08-13 17:14:23
135,FIUME S.A.,2025-08-13 17:14:23,2025-08-13 17:14:23
136,LAND GROWERS,2025-08-13 17:14:23,2025-08-13 17:14:23
137,TRIPLE ALIANZA,2025-08-13 17:14:23,2025-08-13 17:14:23
138,ATP EXPORT SPA,2025-08-13 17:14:23,2025-08-13 17:14:23
139,THOMSEN CHILE,2025-08-13 17:14:23,2025-08-13 17:14:23
140,FRUTAS VYM LTDA,2025-08-13 17:14:23,2025-08-13 17:14:23
141,AGRIC.SEMINARIO,2025-08-13 17:14:23,2025-08-13 17:14:23
142,LAHUAL SPA,2025-08-13 17:14:23,2025-08-13 17:14:23
143,GALLARDO JORGE,2025-08-13 17:14:23,2025-08-13 17:14:23
144,SUPERFRUIT LTDA,2025-08-13 17:14:23,2025-08-13 17:14:23
145,OCOA SPA,2025-08-13 17:14:23,2025-08-13 17:14:23
146,OPPENHEIMER,2025-08-13 17:14:23,2025-08-13 17:14:23
147,SUR TRADE,2025-08-13 17:14:23,2025-08-13 17:14:23
148,BUINEX SPA,2025-08-13 17:14:23,2025-08-13 17:14:23
149,DELICIAS LTDA.,2025-08-13 17:14:23,2025-08-13 17:14:23
150,SOLEFRUTTI SPA,2025-08-13 17:14:23,2025-08-13 17:14:23
151,POLAR FRUIT INT,2025-08-13 17:14:23,2025-08-13 17:14:23
152,SURNUT S.A.,2025-08-13 17:14:23,2025-08-13 17:14:23
153,FRUKA SPA,2025-08-13 17:14:23,2025-08-13 17:14:23
154,AGRIC.MONTOLIN,2025-08-13 17:14:23,2025-08-13 17:14:23
155,SOUTH 365 SPA,2025-08-13 17:14:23,2025-08-13 17:14:23
156,EXP.FMS SPA,2025-08-13 17:14:23,2025-08-13 17:14:23
157,CERR.DE TAMAYA,2025-08-13 17:14:23,2025-08-13 17:14:23
158,AUSTRAL EXPORT SPA,2025-08-13 17:14:23,2025-08-13 17:14:23
159,EXSER LTDA.,2025-08-13 17:14:23,2025-08-13 17:14:23
160,NEW WORLD CHILE,2025-08-13 17:14:23,2025-08-13 17:14:23
161,GROWER CHILE,2025-08-13 17:14:23,2025-08-13 17:14:23
162,EXP.VELEZ Y CIA,2025-08-13 17:14:23,2025-08-13 17:14:23
163,EXPOCUMBRES LTD,2025-08-13 17:14:23,2025-08-13 17:14:23
164,INDUFRUT INTERN,2025-08-13 17:14:23,2025-08-13 17:14:23
165,CONDE Y DIAZ LT,2025-08-13 17:14:23,2025-08-13 17:14:23
166,ACOGRAPES LTDA.,2025-08-13 17:14:23,2025-08-13 17:14:23
167,FRUTERA INT.SPA,2025-08-13 17:14:23,2025-08-13 17:14:23
168,AGRIFRUT COM.LT,2025-08-13 17:14:23,2025-08-13 17:14:23
169,SHB EXPORT SPA,2025-08-13 17:14:23,2025-08-13 17:14:23
170,SEMIZA SPA,2025-08-13 17:14:23,2025-08-13 17:14:23
171,AGROCOMMERCE,2025-08-13 17:14:23,2025-08-13 17:14:23
172,ATACAMA NUT SPA,2025-08-13 17:14:23,2025-08-13 17:14:23
173,SAN JUAN LTDA.,2025-08-13 17:14:23,2025-08-13 17:14:23
174,SUR CONTINENTE,2025-08-13 17:14:23,2025-08-13 17:14:23
175,TROPICAL FRUITS,2025-08-13 17:14:23,2025-08-13 17:14:23
176,F Y F LTDA.,2025-08-13 17:14:23,2025-08-13 17:14:23
177,AGRIC.ROSARIO,2025-08-13 17:14:23,2025-08-13 17:14:23
178,ROBINSON FRESH CHILE,2025-08-13 17:14:23,2025-08-13 17:14:23
179,AGR.LA CRUZ LT.,2025-08-13 17:14:23,2025-08-13 17:14:23
180,RED APPLES CHIL,2025-08-13 17:14:23,2025-08-13 17:14:23
181,SOC.PACKING,2025-08-13 17:14:23,2025-08-13 17:14:23
182,COM.BRIGOFRUT S,2025-08-13 17:14:23,2025-08-13 17:14:23
183,CURRY FRUIT CHI,2025-08-13 17:14:23,2025-08-13 17:14:23
184,ESPEJO FRUITS S,2025-08-13 17:14:23,2025-08-13 17:14:23
185,LAS MERCEDES LT,2025-08-13 17:14:23,2025-08-13 17:14:23
186,CONDESA CHILE,2025-08-13 17:14:23,2025-08-13 17:14:23
187,POLCURA EXP.S.A,2025-08-13 17:14:23,2025-08-13 17:14:23
188,SUMMIT FRUITS,2025-08-13 17:14:23,2025-08-13 17:14:23
189,SOFRUCO ALIMENT,2025-08-13 17:14:23,2025-08-13 17:14:23
190,FRUT.AGROSAN EX,2025-08-13 17:14:23,2025-08-13 17:14:23
191,AGROIND.LAS 3R,2025-08-13 17:14:23,2025-08-13 17:14:23
192,VALLE CACHAPOAL,2025-08-13 17:14:23,2025-08-13 17:14:23
193,TERRA NUT SPA,2025-08-13 17:14:23,2025-08-13 17:14:23
194,THOMAS FRESH SP,2025-08-13 17:14:23,2025-08-13 17:14:23
195,DEL MONTE FRESH,2025-08-13 17:14:23,2025-08-13 17:14:23
196,COM.AMELIAEXPOR,2025-08-13 17:14:23,2025-08-13 17:14:23
197,PRIZE NUTS SPA,2025-08-13 17:14:23,2025-08-13 17:14:23
198,EXP.CITRIPAL LT,2025-08-13 17:14:23,2025-08-13 17:14:23
199,EXP.LABE LTDA,2025-08-13 17:14:23,2025-08-13 17:14:23
200,CURIEXPORT SPA,2025-08-13 17:14:23,2025-08-13 17:14:23
201,FARD ROAD S.A.,2025-08-13 17:14:23,2025-08-13 17:14:23
202,AGROPANQUEHUE L,2025-08-13 17:14:23,2025-08-13 17:14:23
203,EL CAMINO SPA,2025-08-13 17:14:23,2025-08-13 17:14:23
204,LA RINCONADA SP,2025-08-13 17:14:23,2025-08-13 17:14:23
205,JAIMEGARCIACIF,2025-08-13 17:14:23,2025-08-13 17:14:23
206,EXP.TOP 10 SPA,2025-08-13 17:14:23,2025-08-13 17:14:23
207,CHISA S.A.,2025-08-13 17:14:23,2025-08-13 17:14:23
208,VERFRUT SPA,2025-08-13 17:14:23,2025-08-13 17:14:23
209,CABEXPORT LTDA.,2025-08-13 17:14:23,2025-08-13 17:14:23
210,CHILFRESH LTDA.,2025-08-13 17:14:23,2025-08-13 17:14:23
211,RIO BLANCO SPA,2025-08-13 17:14:23,2025-08-13 17:14:23
212,SM EXPORT LTDA.,2025-08-13 17:14:23,2025-08-13 17:14:23
213,EXP.LOS LIRIOS,2025-08-13 17:14:23,2025-08-13 17:14:23
214,ENTRE ANDES LTD,2025-08-13 17:14:23,2025-08-13 17:14:23
215,OLIVAR EXPORT S,2025-08-13 17:14:23,2025-08-13 17:14:23
216,DAVID DEL CURTO SPA,2025-08-13 17:14:23,2025-08-13 17:14:23
217,SOF SOUTH ORGAN,2025-08-13 17:14:23,2025-08-13 17:14:23
218,COLLIP RED SOIL,2025-08-13 17:14:23,2025-08-13 17:14:23
219,PATAGONIA FRUIT SPA,2025-08-13 17:14:23,2025-08-13 17:14:23
220,EXP.MONTANO SPA,2025-08-13 17:14:23,2025-08-13 17:14:23
221,MARTA GONZALEZ,2025-08-13 17:14:23,2025-08-13 17:14:23
222,COMERC.MAXIFRUT SPA,2025-08-13 17:14:23,2025-08-13 17:14:23
223,AGRICAMEX,2025-08-13 17:14:23,2025-08-13 17:14:23
224,HECTORSEPULVEDA,2025-08-13 17:14:23,2025-08-13 17:14:23
225,SOC.AGRIC.DON HERNAN,2025-08-13 17:14:23,2025-08-13 17:14:23
226,FIB EXPORT SPA,2025-08-13 17:14:23,2025-08-13 17:14:23
227,DISFRUTA S.A,2025-08-13 17:14:23,2025-08-13 17:14:23
228,GRUPO METRO S.A.,2025-08-13 17:14:23,2025-08-13 17:14:23
229,CHILEFOOD AGROC,2025-08-13 17:14:23,2025-08-13 17:14:23
230,FRUMERC S.A.,2025-08-13 17:14:23,2025-08-13 17:14:23
231,CAPE FIVE CHILE,2025-08-13 17:14:23,2025-08-13 17:14:23
232,EL TORREON LTDA,2025-08-13 17:14:23,2025-08-13 17:14:23
233,SUN HARVEST S.A,2025-08-13 17:14:23,2025-08-13 17:14:23
234,TRIOFRUT LTDA.,2025-08-13 17:14:23,2025-08-13 17:14:23
235,RUCARAY S.A.,2025-08-13 17:14:23,2025-08-13 17:14:23
236,TUNICHE FRUITS,2025-08-13 17:14:23,2025-08-13 17:14:23
237,GEOFRUT LTDA.,2025-08-13 17:14:23,2025-08-13 17:14:23
238,COSECHA FRUIT S,2025-08-13 17:14:23,2025-08-13 17:14:23
239,EXPORT.QUINTAY,2025-08-13 17:14:23,2025-08-13 17:14:23
240,COM.DE FRUTOS L,2025-08-13 17:14:23,2025-08-13 17:14:23
241,ITAHUE LTDA.,2025-08-13 17:14:23,2025-08-13 17:14:23
242,DIAGUITA SPA,2025-08-13 17:14:23,2025-08-13 17:14:23
243,EXP.RENGO S.A.,2025-08-13 17:14:23,2025-08-13 17:14:23
244,COBOL S.A.,2025-08-13 17:14:23,2025-08-13 17:14:23
245,XFRU CINCO LTDA,2025-08-13 17:14:23,2025-08-13 17:14:23
246,AGROFRUTA EXP.,2025-08-13 17:14:23,2025-08-13 17:14:23
247,EXP.ATUNGUAYCO,2025-08-13 17:14:23,2025-08-13 17:14:23
248,FRUTAS OESTE SP,2025-08-13 17:14:23,2025-08-13 17:14:23
249,FERN.DEBESA ALD,2025-08-13 17:14:23,2025-08-13 17:14:23
250,DELIPACK SPA,2025-08-13 17:14:23,2025-08-13 17:14:23
251,EXP.FRUTASOL CHILE,2025-08-13 17:14:23,2025-08-13 17:14:23
252,EXP.AGROPACAL,2025-08-13 17:14:23,2025-08-13 17:14:23
253,S.A.C.CARVAJAL,2025-08-13 17:14:23,2025-08-13 17:14:23
254,EL CISNE SPA,2025-08-13 17:14:23,2025-08-13 17:14:23
255,EXP.SAN RAFAEL,2025-08-13 17:14:23,2025-08-13 17:14:23
256,EXP.RIO MAIPO S,2025-08-13 17:14:23,2025-08-13 17:14:23
257,EXP.GONZAGRI SA,2025-08-13 17:14:23,2025-08-13 17:14:23
258,ANDES FOODS SPA,2025-08-13 17:14:23,2025-08-13 17:14:23
259,CURICO LTDA.,2025-08-13 17:14:23,2025-08-13 17:14:23
260,AGRIC.LA HIGUERA LT,2025-08-13 17:14:23,2025-08-13 17:14:23
261,EXP.DEREX SPA,2025-08-13 17:14:23,2025-08-13 17:14:23
262,FLOR MARIA SPA,2025-08-13 17:14:23,2025-08-13 17:14:23
263,SAN LORENZO LTD,2025-08-13 17:14:23,2025-08-13 17:14:23
264,AGROEX CHILE,2025-08-13 17:14:23,2025-08-13 17:14:23
265,CHILEAN MARRONI,2025-08-13 17:14:23,2025-08-13 17:14:23
266,AGRISUR SPA,2025-08-13 17:14:23,2025-08-13 17:14:23
267,SAN FRANCISCO L,2025-08-13 17:14:23,2025-08-13 17:14:23
268,VITALFRUT CHILE,2025-08-13 17:14:23,2025-08-13 17:14:23
269,WALNATIVE SPA,2025-08-13 17:14:23,2025-08-13 17:14:23
270,COM.AGR.EL ALBA,2025-08-13 17:14:23,2025-08-13 17:14:23
271,EXP.ENTRE RIOS,2025-08-13 17:14:23,2025-08-13 17:14:23
272,EXP.DEL SUR,2025-08-13 17:14:23,2025-08-13 17:14:23
273,EXP.AGROMAR S.A,2025-08-13 17:14:23,2025-08-13 17:14:23
274,PROVIDENCE EXPORTS,2025-08-13 17:14:23,2025-08-13 17:14:23
275,GRANEROS LTDA.,2025-08-13 17:14:23,2025-08-13 17:14:23
276,SFC COM.CHILE S.A.,2025-08-13 17:14:23,2025-08-13 17:14:23
277,ANDESBHUMI FARMERS,2025-08-13 17:14:23,2025-08-13 17:14:23
278,CORE - EXPORT SPA,2025-08-13 17:14:23,2025-08-13 17:14:23
279,FRESH LAND,2025-08-13 17:14:23,2025-08-13 17:14:23
280,EVERFRESH S.A.,2025-08-13 17:14:23,2025-08-13 17:14:23
281,PRODALMEN LTDA.,2025-08-13 17:14:23,2025-08-13 17:14:23
282,FRUT.DEL VALLE,2025-08-13 17:14:23,2025-08-13 17:14:23
283,CMX CHILE SPA,2025-08-13 17:14:23,2025-08-13 17:14:23
284,ECOFRESH SPA,2025-08-13 17:14:23,2025-08-13 17:14:23
285,BC EXPORT LTDA.,2025-08-13 17:14:23,2025-08-13 17:14:23
286,BABER EXPORT SP,2025-08-13 17:14:23,2025-08-13 17:14:23
287,EXP.LOS OLMOS SPA,2025-08-13 17:14:23,2025-08-13 17:14:23
288,NOVARE AGRICOLA,2025-08-13 17:14:23,2025-08-13 17:14:23
289,CARSOL FRUIT EX,2025-08-13 17:14:23,2025-08-13 17:14:23
290,SUNAGRO SPA,2025-08-13 17:14:23,2025-08-13 17:14:23
291,CEXPORT TECH LTDA.,2025-08-13 17:14:23,2025-08-13 17:14:23
292,SAN ESTEBAN LTD,2025-08-13 17:14:23,2025-08-13 17:14:23
293,CARFRUSA,2025-08-13 17:14:23,2025-08-13 17:14:23
294,MARTINEZ FRUIT,2025-08-13 17:14:23,2025-08-13 17:14:23
295,DWELLIGHT SPA,2025-08-13 17:14:23,2025-08-13 17:14:23
296,NATURE SOUTH EX,2025-08-13 17:14:23,2025-08-13 17:14:23
297,AGROINV.PEREZ V,2025-08-13 17:14:23,2025-08-13 17:14:23
298,STAR FRUIT LTDA,2025-08-13 17:14:23,2025-08-13 17:14:23
299,PRIMLAND CHILE,2025-08-13 17:14:23,2025-08-13 17:14:23
300,HENGLANDER SPA,2025-08-13 17:14:23,2025-08-13 17:14:23
301,SANTA MARIA S.A,2025-08-13 17:14:23,2025-08-13 17:14:23
302,FINE DRIED FRUITS CH,2025-08-13 17:14:23,2025-08-13 17:14:23
303,EXP.LA TAPERA L,2025-08-13 17:14:23,2025-08-13 17:14:23
304,RINCONADA TRADI,2025-08-13 17:14:23,2025-08-13 17:14:23
305,NUECES DEL MUND,2025-08-13 17:14:23,2025-08-13 17:14:23
306,MACE S.A.,2025-08-13 17:14:23,2025-08-13 17:14:23
307,FRUCOR LTDA.,2025-08-13 17:14:23,2025-08-13 17:14:23
308,ENTRE RIOS SPA,2025-08-13 17:14:23,2025-08-13 17:14:23
309,HAC.CHOROMBO,2025-08-13 17:14:23,2025-08-13 17:14:23
310,CAMPANARIO SPA,2025-08-13 17:14:23,2025-08-13 17:14:23
311,ACONCAGUA S.A.,2025-08-13 17:14:23,2025-08-13 17:14:23
312,EXP.ALMAR SPA,2025-08-13 17:14:23,2025-08-13 17:14:23
313,COMSAT LTDA.,2025-08-13 17:14:23,2025-08-13 17:14:23
314,PRONTOEXPORT LTDA.,2025-08-13 17:14:23,2025-08-13 17:14:23
315,EXP.SANTA AIDA SPA,2025-08-13 17:14:23,2025-08-13 17:14:23
316,FRESH & GOOD SP,2025-08-13 17:14:23,2025-08-13 17:14:23
317,ATACAMA LTDA.,2025-08-13 17:14:23,2025-08-13 17:14:23
318,SNLUISDE YAQUIL,2025-08-13 17:14:23,2025-08-13 17:14:23
319,TERRAMATER S.A.,2025-08-13 17:14:23,2025-08-13 17:14:23
320,SUMMERLAND EXP,2025-08-13 17:14:23,2025-08-13 17:14:23
321,ENEREX SPA,2025-08-13 17:14:23,2025-08-13 17:14:23
322,BAUZA EXPORT LT,2025-08-13 17:14:23,2025-08-13 17:14:23
323,COMERC.TOCORNAL,2025-08-13 17:14:23,2025-08-13 17:14:23
324,FRIG.DEL NORTE SPA,2025-08-13 17:14:23,2025-08-13 17:14:23
325,BOU FRUITS LTDA,2025-08-13 17:14:23,2025-08-13 17:14:23
326,AGR.MONFRUT LT,2025-08-13 17:14:23,2025-08-13 17:14:23
327,AGROMARINE LTDA,2025-08-13 17:14:23,2025-08-13 17:14:23
328,AGUA FRIA LTDA.,2025-08-13 17:14:23,2025-08-13 17:14:23
329,CIENAGO LTDA.,2025-08-13 17:14:23,2025-08-13 17:14:23
330,AGRONUEZ CHOAPA,2025-08-13 17:14:23,2025-08-13 17:14:23
331,AGROMIALQUI SPA,2025-08-13 17:14:23,2025-08-13 17:14:23
332,LUFRAN CHILE LT,2025-08-13 17:14:23,2025-08-13 17:14:23
333,CRISTIAN CUADRA,2025-08-13 17:14:23,2025-08-13 17:14:23
334,VALLE CENTRAL S,2025-08-13 17:14:23,2025-08-13 17:14:23
335,SEBASTIAN BRION,2025-08-13 17:14:23,2025-08-13 17:14:23
336,MATYFRUT SPA,2025-08-13 17:14:23,2025-08-13 17:14:23
337,LOS CRISTALES,2025-08-13 17:14:23,2025-08-13 17:14:23
338,FRUTEMU LTDA.,2025-08-13 17:14:23,2025-08-13 17:14:23
339,LOS FRANCISCOS,2025-08-13 17:14:23,2025-08-13 17:14:23
340,FRANCO A.YAÑEZ,2025-08-13 17:14:23,2025-08-13 17:14:23
341,NEFUEN TRADING,2025-08-13 17:14:23,2025-08-13 17:14:23
342,AGROMAXIMO SPA,2025-08-13 17:14:23,2025-08-13 17:14:23
343,EXPOR.RENO LTDA,2025-08-13 17:14:23,2025-08-13 17:14:23
344,SPREAFICO CHILE SPA,2025-08-13 17:14:23,2025-08-13 17:14:23
345,EXP.AGUA SANTA,2025-08-13 17:14:23,2025-08-13 17:14:23
346,LATORRE SPA,2025-08-13 17:14:23,2025-08-13 17:14:23
347,SILVESTRES S.A.,2025-08-13 17:14:23,2025-08-13 17:14:23
348,EXP.RANCAGUA,2025-08-13 17:14:23,2025-08-13 17:14:23
349,AGRIC.VESPUCIO,2025-08-13 17:14:23,2025-08-13 17:14:23
350,CHACABUCO QUALITY G,2025-08-13 17:14:23,2025-08-13 17:14:23
351,EXP.ALSU SPA,2025-08-13 17:14:23,2025-08-13 17:14:23
352,ALEMPUE S.A.,2025-08-13 17:14:23,2025-08-13 17:14:23
353,SAN FRANCISCO,2025-08-13 17:14:23,2025-08-13 17:14:23
354,VALPARAISO EXP,2025-08-13 17:14:23,2025-08-13 17:14:23
355,BOCHS E HIJOS,2025-08-13 17:14:23,2025-08-13 17:14:23
356,ELICURA,2025-08-13 17:14:23,2025-08-13 17:14:23
357,GROUP VALLEY,2025-08-13 17:14:23,2025-08-13 17:14:23
358,COLCHAGUA S.A.,2025-08-13 17:14:23,2025-08-13 17:14:23
359,AURORA AUSTRALI,2025-08-13 17:14:23,2025-08-13 17:14:23
360,EXP.ZETA SPA,2025-08-13 17:14:23,2025-08-13 17:14:23
361,EXP.SANTA MARTA,2025-08-13 17:14:23,2025-08-13 17:14:23
362,MAO SPA,2025-08-13 17:14:23,2025-08-13 17:14:23
363,OLIMPHYA IMP.,2025-08-13 17:14:23,2025-08-13 17:14:23
364,HUERTO LA BRISA,2025-08-13 17:14:23,2025-08-13 17:14:23
365,ANUNAKIS SPA,2025-08-13 17:14:23,2025-08-13 17:14:23
366,PARAMOUNT BERRI,2025-08-13 17:14:23,2025-08-13 17:14:23
367,SANTA CLARA S.A,2025-08-13 17:14:23,2025-08-13 17:14:23
368,EXP.BRIX LTDA,2025-08-13 17:14:23,2025-08-13 17:14:23
369,FRUTAS AUSTRAL SPA,2025-08-13 17:14:23,2025-08-13 17:14:23
370,SOC.AGRIC.LAS LOICAS,2025-08-13 17:14:23,2025-08-13 17:14:23
371,EXP.DRYFRUT LTD,2025-08-13 17:14:23,2025-08-13 17:14:23
372,HIDDEN VALLEY D,2025-08-13 17:14:23,2025-08-13 17:14:23
373,VALLE MAULE S.A,2025-08-13 17:14:23,2025-08-13 17:14:23
374,EXP.PAULA LTDA,2025-08-13 17:14:23,2025-08-13 17:14:23
375,EXP.INDEPENDENC,2025-08-13 17:14:23,2025-08-13 17:14:23
376,AGROVAL LTDA,2025-08-13 17:14:23,2025-08-13 17:14:23
377,NEWDAYFRUITS S.,2025-08-13 17:14:23,2025-08-13 17:14:23
378,VIVOAGROCHILE,2025-08-13 17:14:23,2025-08-13 17:14:23
379,EXP.BUGMANN AMP,2025-08-13 17:14:23,2025-08-13 17:14:23
380,MAULE BERRIES L,2025-08-13 17:14:23,2025-08-13 17:14:23
381,GEDESA EXP.S.A.,2025-08-13 17:14:23,2025-08-13 17:14:23
382,OCHO FUEGOS SPA,2025-08-13 17:14:23,2025-08-13 17:14:23
383,PRIAGRO,2025-08-13 17:14:23,2025-08-13 17:14:23
384,RUKAN FRUIT SPA,2025-08-13 17:14:23,2025-08-13 17:14:23
385,CERASUS S.A.,2025-08-13 17:14:23,2025-08-13 17:14:23
386,HILLVILLA GROUP,2025-08-13 17:14:23,2025-08-13 17:14:23
387,LA AGUADA SA,2025-08-13 17:14:23,2025-08-13 17:14:23
388,CHINLONG FRESH,2025-08-13 17:14:23,2025-08-13 17:14:23
389,EXP.BH SPA,2025-08-13 17:14:23,2025-08-13 17:14:23
390,LQ FRUIT SPA,2025-08-13 17:14:23,2025-08-13 17:14:23
391,ALLEGRIA FOODS SPA,2025-08-13 17:14:23,2025-08-13 17:14:23
392,GOLD ANDA CHILE,2025-08-13 17:14:23,2025-08-13 17:14:23
393,FUSHUN FRUIT SP,2025-08-13 17:14:23,2025-08-13 17:14:23
394,QUALITY LTDA.,2025-08-13 17:14:23,2025-08-13 17:14:23
395,WATEK AGRICULTU,2025-08-13 17:14:23,2025-08-13 17:14:23
396,EXPORTAFRESH SP,2025-08-13 17:14:23,2025-08-13 17:14:23
397,COM.ANDES SECRET,2025-08-13 17:14:23,2025-08-13 17:14:23
398,WEBER EXPORT SP,2025-08-13 17:14:23,2025-08-13 17:14:23
399,AGROFRUTAS,2025-08-13 17:14:23,2025-08-13 17:14:23
400,DUOFRUT SPA,2025-08-13 17:14:23,2025-08-13 17:14:23
401,BRIZA SPA,2025-08-13 17:14:23,2025-08-13 17:14:23
402,BYCIFRUT SPA,2025-08-13 17:14:23,2025-08-13 17:14:23
403,AGR.LAS PALMAS,2025-08-13 17:14:23,2025-08-13 17:14:23
404,YI FAN INTERNAT,2025-08-13 17:14:23,2025-08-13 17:14:23
405,PEDEGUA S.A.,2025-08-13 17:14:23,2025-08-13 17:14:23
406,FRUTEEC CHILE S,2025-08-13 17:14:23,2025-08-13 17:14:23
407,SOUTHFRUIT&WINE,2025-08-13 17:14:23,2025-08-13 17:14:23
408,FRUTTITA SPA,2025-08-13 17:14:23,2025-08-13 17:14:23
409,RENO LIMITADA,2025-08-13 17:14:23,2025-08-13 17:14:23
410,FRUCENTRO S.A.,2025-08-13 17:14:23,2025-08-13 17:14:23
411,LIBERTADORES SA,2025-08-13 17:14:23,2025-08-13 17:14:23
412,TRIDGE CHILE SP,2025-08-13 17:14:23,2025-08-13 17:14:23
413,QUALITY F.GROWE,2025-08-13 17:14:23,2025-08-13 17:14:23
414,INNOV.AGRIC.NEW,2025-08-13 17:14:23,2025-08-13 17:14:23
415,EXP.MALLINKO FR,2025-08-13 17:14:23,2025-08-13 17:14:23
416,FRUITSY CHILE S,2025-08-13 17:14:23,2025-08-13 17:14:23
417,VALLE DEL MAIPO,2025-08-13 17:14:23,2025-08-13 17:14:23
418,C Y D S.A.,2025-08-13 17:14:23,2025-08-13 17:14:23
419,FRUCONGEL SPA,2025-08-13 17:14:23,2025-08-13 17:14:23
420,NEOFRESH SPA,2025-08-13 17:14:23,2025-08-13 17:14:23
421,SOC.GREEN AGRO,2025-08-13 17:14:23,2025-08-13 17:14:23
422,EXP.FTW SPA,2025-08-13 17:14:23,2025-08-13 17:14:23
423,SUR FRUT LTDA,2025-08-13 17:14:23,2025-08-13 17:14:23
424,TENO FRUIT SPA,2025-08-13 17:14:23,2025-08-13 17:14:23
425,AISIEN SPA,2025-08-13 17:14:23,2025-08-13 17:14:23
426,G B EXPORT SPA,2025-08-13 17:14:23,2025-08-13 17:14:23
427,NICEBLUE S.A.,2025-08-13 17:14:23,2025-08-13 17:14:23
428,PANAGRO S.A.,2025-08-13 17:14:23,2025-08-13 17:14:23
429,EXP.MONTE ALTO F,2025-08-13 17:14:23,2025-08-13 17:14:23
430,EXP.ARBOLITO SPA,2025-08-13 17:14:23,2025-08-13 17:14:23
431,EXP.RED STAR SP,2025-08-13 17:14:23,2025-08-13 17:14:23
432,THE FRUIT LINK,2025-08-13 17:14:23,2025-08-13 17:14:23
433,SERVICIOS BAKU,2025-08-13 17:14:23,2025-08-13 17:14:23
434,NEW YORK EXP.SP,2025-08-13 17:14:23,2025-08-13 17:14:23
435,AGR.CONZALEZ PA,2025-08-13 17:14:23,2025-08-13 17:14:23
436,BEST BERRY S.A.,2025-08-13 17:14:23,2025-08-13 17:14:23
437,EIGHT CHILE CON,2025-08-13 17:14:23,2025-08-13 17:14:23
438,TRES RIOS SPA,2025-08-13 17:14:23,2025-08-13 17:14:23
439,LAS TORTOLAS,2025-08-13 17:14:23,2025-08-13 17:14:23
440,PRODUCTOS CHILE,2025-08-13 17:14:23,2025-08-13 17:14:23
441,SAN FERNADO SPA,2025-08-13 17:14:23,2025-08-13 17:14:23
442,SOC.EXP.HUESBE,2025-08-13 17:14:23,2025-08-13 17:14:23
443,VOLCAN FOODS LT,2025-08-13 17:14:23,2025-08-13 17:14:23
444,ALIFRUT S.A.,2025-08-13 17:14:23,2025-08-13 17:14:23
445,VALL.DEL SUR SP,2025-08-13 17:14:23,2025-08-13 17:14:23
446,HUAQUEN EXPORT,2025-08-13 17:14:23,2025-08-13 17:14:23
447,VITTA EXPORT SP,2025-08-13 17:14:23,2025-08-13 17:14:23
448,LEOS PRODUCE SPA,2025-08-13 17:14:23,2025-08-13 17:14:23
449,GLOBALGROWERS,2025-08-13 17:14:23,2025-08-13 17:14:23
450,TERRAFRUT S.A.,2025-08-13 17:14:23,2025-08-13 17:14:23
451,POMPEIA,2025-08-13 17:14:23,2025-08-13 17:14:23
452,EXP.BLOSSOM SPA,2025-08-13 17:14:23,2025-08-13 17:14:23
453,FRUTLAND S.A.,2025-08-13 17:14:23,2025-08-13 17:14:23
454,EXP.SEVEN EXPORTS S,2025-08-13 17:14:23,2025-08-13 17:14:23
455,VALLEY EXPORT SPA,2025-08-13 17:14:23,2025-08-13 17:14:23
456,EXPAFRUIT LTDA.,2025-08-13 17:14:23,2025-08-13 17:14:23
457,INMOB.MACS SPA,2025-08-13 17:14:23,2025-08-13 17:14:23
458,PANGEA LTDA.,2025-08-13 17:14:23,2025-08-13 17:14:23
459,ATACAMA DRIED F,2025-08-13 17:14:23,2025-08-13 17:14:23
460,GRUPO ROSE SPA,2025-08-13 17:14:23,2025-08-13 17:14:23
461,YMC EXPORT SPA,2025-08-13 17:14:23,2025-08-13 17:14:23
462,AGROGOLDEN SPA,2025-08-13 17:14:23,2025-08-13 17:14:23
463,FAMILY GROWERS,2025-08-13 17:14:23,2025-08-13 17:14:23
464,EXP.YOLO SPA,2025-08-13 17:14:23,2025-08-13 17:14:23
465,BLUEFIELD CHILE,2025-08-13 17:14:23,2025-08-13 17:14:23
466,EXP.E IMP.LLF S,2025-08-13 17:14:23,2025-08-13 17:14:23
467,EL ALAMO FOODS,2025-08-13 17:14:23,2025-08-13 17:14:23
468,AMS FAMILY S A,2025-08-13 17:14:23,2025-08-13 17:14:23
469,SANTA CRISTINA,2025-08-13 17:14:23,2025-08-13 17:14:23
470,DOÑA ANA SPA,2025-08-13 17:14:23,2025-08-13 17:14:23
471,RISCOS DEL SOL,2025-08-13 17:14:23,2025-08-13 17:14:23
472,SAN ANDRES LTDA,2025-08-13 17:14:23,2025-08-13 17:14:23
473,ALMAHUE EXPORT,2025-08-13 17:14:23,2025-08-13 17:14:23
474,TUTTIFRUIT CHIL,2025-08-13 17:14:23,2025-08-13 17:14:23
475,EXP.SOUTHERN FO,2025-08-13 17:14:23,2025-08-13 17:14:23
476,QUEULAT EXPORT,2025-08-13 17:14:23,2025-08-13 17:14:23
477,EXP.LOS HORNOS,2025-08-13 17:14:23,2025-08-13 17:14:23
478,EXP.SANTA ROSARIO SP,2025-08-13 17:14:23,2025-08-13 17:14:23
479,EL ENCANTO LTDA,2025-08-13 17:14:23,2025-08-13 17:14:23
480,H EXPORT SPA,2025-08-13 17:14:23,2025-08-13 17:14:23
481,HAC.ANGOSTURA,2025-08-13 17:14:23,2025-08-13 17:14:23
482,ROQUEFORT LTDA,2025-08-13 17:14:23,2025-08-13 17:14:23
483,EL MOLINO SPA,2025-08-13 17:14:23,2025-08-13 17:14:23
484,AGROFRUTA FRESH,2025-08-13 17:14:23,2025-08-13 17:14:23
485,BEST FRUIT SPA,2025-08-13 17:14:23,2025-08-13 17:14:23
486,NATURE SOUTH,2025-08-13 17:14:23,2025-08-13 17:14:23
487,AGROVIC,2025-08-13 17:14:23,2025-08-13 17:14:23
488,SEELAND CHILE SPA,2025-08-13 17:14:23,2025-08-13 17:14:23
489,GONZALEZ Y VALENZUEL,2025-08-13 17:14:23,2025-08-13 17:14:23
490,KAIKEN CHILE SPA,2025-08-13 17:14:23,2025-08-13 17:14:23
491,IMP.Y EXP .GYM,2025-08-13 17:14:23,2025-08-13 17:14:23
492,INV.RAVANAL,2025-08-13 17:14:23,2025-08-13 17:14:23
493,EXP.CHERRY TREE,2025-08-13 17:14:23,2025-08-13 17:14:23
494,AGUIFRUT SPA,2025-08-13 17:14:23,2025-08-13 17:14:23
495,AGRO PRODEX,2025-08-13 17:14:23,2025-08-13 17:14:23
496,AGRICOLA ALCI,2025-08-13 17:14:23,2025-08-13 17:14:23
497,SICOR S.A.,2025-08-13 17:14:23,2025-08-13 17:14:23
498,TEJAS VERDES LT,2025-08-13 17:14:23,2025-08-13 17:14:23
499,FRUMEL LTDA.,2025-08-13 17:14:23,2025-08-13 17:14:23
500,MALLARAUCO LTDA,2025-08-13 17:14:23,2025-08-13 17:14:23
501,EXP.PANGALILLO,2025-08-13 17:14:23,2025-08-13 17:14:23
502,SERV.INTEGRAL,2025-08-13 17:14:23,2025-08-13 17:14:23
503,SAN GERMAN SPA,2025-08-13 17:14:23,2025-08-13 17:14:23
504,VALLE DEL LIMAR,2025-08-13 17:14:23,2025-08-13 17:14:23
505,ÑUBLEAGRO LTDA.,2025-08-13 17:14:23,2025-08-13 17:14:23
506,PREMIUM FRUIT E,2025-08-13 17:14:23,2025-08-13 17:14:23
507,SUPER FRESCO CH,2025-08-13 17:14:23,2025-08-13 17:14:23
508,AJ TRADING SPA,2025-08-13 17:14:23,2025-08-13 17:14:23
509,ROVEG,2025-08-13 17:14:23,2025-08-13 17:14:23
510,BIO CITRUS SPA,2025-08-13 17:14:23,2025-08-13 17:14:23
511,EASY NUT SPA,2025-08-13 17:14:23,2025-08-13 17:14:23
512,VIENTOS DEL SUR,2025-08-13 17:14:23,2025-08-13 17:14:23
513,SAN BERNARDO SA,2025-08-13 17:14:23,2025-08-13 17:14:23
514,ANDES QUALITY S,2025-08-13 17:14:23,2025-08-13 17:14:23
515,SIN ESPECIFICAR,2025-08-13 17:14:23,2025-08-13 17:14:23
516,INDEXPORT LTDA.,2025-08-13 17:14:23,2025-08-13 17:14:23
517,EXP.FRUTAMERICA,2025-08-13 17:14:23,2025-08-13 17:14:23
518,AQUILA AUSTRALI,2025-08-13 17:14:23,2025-08-13 17:14:23
519,LA CASCADA LTDA,2025-08-13 17:14:23,2025-08-13 17:14:23
520,ENTRE VALLES SPA,2025-08-13 17:14:23,2025-08-13 17:14:23
521,VERTIENTES SPA,2025-08-13 17:14:23,2025-08-13 17:14:23
522,ARCOTRADING LTD,2025-08-13 17:14:23,2025-08-13 17:14:23
523,VALLE DEL SOL L,2025-08-13 17:14:23,2025-08-13 17:14:23
524,GREEN FRUT SPA,2025-08-13 17:14:23,2025-08-13 17:14:23
525,CAMPO CHILE LTD,2025-08-13 17:14:23,2025-08-13 17:14:23
526,NUTRICIONALES C,2025-08-13 17:14:23,2025-08-13 17:14:23
527,GLOBAL KMC CO,2025-08-13 17:14:23,2025-08-13 17:14:23
528,BELLER EXP.SPA,2025-08-13 17:14:23,2025-08-13 17:14:23
529,COM.GLOBAL SPA,2025-08-13 17:14:23,2025-08-13 17:14:23
530,TAMM FRUIT EXP,2025-08-13 17:14:23,2025-08-13 17:14:23
531,J.M.CARTER,2025-08-13 17:14:23,2025-08-13 17:14:23
532,IRECA LTDA,2025-08-13 17:14:23,2025-08-13 17:14:23
533,ARVINUTS SPA,2025-08-13 17:14:23,2025-08-13 17:14:23
534,FRUT.SECOS ANUM,2025-08-13 17:14:23,2025-08-13 17:14:23
535,GROW SOUTHWEST,2025-08-13 17:14:23,2025-08-13 17:14:23
536,LOS ANDES BELTR,2025-08-13 17:14:23,2025-08-13 17:14:23
537,ARAUCARIA EXP.,2025-08-13 17:14:23,2025-08-13 17:14:23
538,EXPORT.DISA S.A,2025-08-13 17:14:23,2025-08-13 17:14:23
539,EXP.A Y G SPA,2025-08-13 17:14:23,2025-08-13 17:14:23
540,OCEAN SPRAY,2025-08-13 17:14:23,2025-08-13 17:14:23
541,INCA GOLD S.A.,2025-08-13 17:14:23,2025-08-13 17:14:23
542,EXPORT.NCA SPA,2025-08-13 17:14:23,2025-08-13 17:14:23
543,AGRORIOCLARO SP,2025-08-13 17:14:23,2025-08-13 17:14:23
544,COMERCIAL PONCE,2025-08-13 17:14:23,2025-08-13 17:14:23
545,SOC.AGRIC.CATO,2025-08-13 17:14:23,2025-08-13 17:14:23
546,EXP.TRUMAO SPA,2025-08-13 17:14:23,2025-08-13 17:14:23
547,EL BOLDO S.A.,2025-08-13 17:14:23,2025-08-13 17:14:23
548,AGROC.DEL SUR L,2025-08-13 17:14:23,2025-08-13 17:14:23
549,EXP.ATIFALA SPA,2025-08-13 17:14:23,2025-08-13 17:14:23
550,COMERCIAL RACO,2025-08-13 17:14:23,2025-08-13 17:14:23
551,INTER FRUIT SPA,2025-08-13 17:14:23,2025-08-13 17:14:23
552,CIFCO LTDA.,2025-08-13 17:14:23,2025-08-13 17:14:23
553,FRUT.DEL NORTE,2025-08-13 17:14:23,2025-08-13 17:14:23
554,EXP.SANTA ELENA,2025-08-13 17:14:23,2025-08-13 17:14:23
555,I FRUIT SPA,2025-08-13 17:14:23,2025-08-13 17:14:23
556,EXP.LA PARVA,2025-08-13 17:14:23,2025-08-13 17:14:23
557,POCURO LTDA.,2025-08-13 17:14:23,2025-08-13 17:14:23
558,MEREX LTDA.,2025-08-13 17:14:23,2025-08-13 17:14:23
559,EL CALVARIO S.A,2025-08-13 17:14:23,2025-08-13 17:14:23
560,AMC SOUTH AMERICA SP,2025-08-13 17:14:23,2025-08-13 17:14:23
561,GRAPELAND,2025-08-13 17:14:23,2025-08-13 17:14:23
562,LAS CUMBRES SPA,2025-08-13 17:14:23,2025-08-13 17:14:23
563,PRUNESCO S.A.,2025-08-13 17:14:23,2025-08-13 17:14:23
564,AGROFRUTA S.A.,2025-08-13 17:14:23,2025-08-13 17:14:23
565,ANTU SPA,2025-08-13 17:14:23,2025-08-13 17:14:23
566,HMC CHILE S.A.,2025-08-13 17:14:23,2025-08-13 17:14:23
567,FAMILY FRESH,2025-08-13 17:14:23,2025-08-13 17:14:23
568,GEORGES FRUIT LTDA,2025-08-13 17:14:23,2025-08-13 17:14:23
569,SANTA MARE,2025-08-13 17:14:23,2025-08-13 17:14:23
570,LA PRIMAVERA,2025-08-13 17:14:23,2025-08-13 17:14:23
571,FRUTAS DEL HUERTO,2025-08-13 17:14:23,2025-08-13 17:14:23
572,AGUAS BLANCAS,2025-08-13 17:14:23,2025-08-13 17:14:23
573,CAMPONOVO,2025-08-13 17:14:23,2025-08-13 17:14:23
574,SAN ESTEBAN 1LT,2025-08-13 17:14:23,2025-08-13 17:14:23
575,FUENCAMPOCHILE,2025-08-13 17:14:23,2025-08-13 17:14:23
576,INV.GUACOLDA SPA,2025-08-13 17:14:23,2025-08-13 17:14:23
577,NUTCO SPA,2025-08-13 17:14:23,2025-08-13 17:14:23
578,EXP.PETRA,2025-08-13 17:14:23,2025-08-13 17:14:23
579,ALIM.GOLDEN FRU,2025-08-13 17:14:23,2025-08-13 17:14:23
580,FRUGAS LTDA.,2025-08-13 17:14:23,2025-08-13 17:14:23
581,SUD FRUT LTDA.,2025-08-13 17:14:23,2025-08-13 17:14:23
582,AGRIC.SANTA ANA,2025-08-13 17:14:23,2025-08-13 17:14:23
583,CARLOS MORALES,2025-08-13 17:14:23,2025-08-13 17:14:23
584,MOBA EXPORT,2025-08-13 17:14:23,2025-08-13 17:14:23
585,JUPITER CHILE,2025-08-13 17:14:23,2025-08-13 17:14:23
586,AGRIC.COPAYAPU LTDA.,2025-08-13 17:14:23,2025-08-13 17:14:23
587,GONPIZA LTDA.,2025-08-13 17:14:23,2025-08-13 17:14:23
588,DEL MAIPO SPA,2025-08-13 17:14:23,2025-08-13 17:14:23
589,AGRICOLA U.A.C.,2025-08-13 17:14:23,2025-08-13 17:14:23
590,MONCURI S.A.,2025-08-13 17:14:23,2025-08-13 17:14:23
591,ALTAMIRA LTDA.,2025-08-13 17:14:23,2025-08-13 17:14:23
592,AQUA EXPORTAC.,2025-08-13 17:14:23,2025-08-13 17:14:23
593,ALMAHUE LTDA.,2025-08-13 17:14:23,2025-08-13 17:14:23
594,STA OLGA DE PIR,2025-08-13 17:14:23,2025-08-13 17:14:23
595,AGRIC.PAIDAHUEN,2025-08-13 17:14:23,2025-08-13 17:14:23
596,WHM SPA,2025-08-13 17:14:23,2025-08-13 17:14:23
597,LO CASTILLO EXP,2025-08-13 17:14:23,2025-08-13 17:14:23
598,VICTORIA FRUITS,2025-08-13 17:14:23,2025-08-13 17:14:23
599,VALLE VERDE SPA,2025-08-13 17:14:23,2025-08-13 17:14:23
600,CORPORA S.A.,2025-08-13 17:14:23,2025-08-13 17:14:23
601,SOC.EXP.CYM SPA,2025-08-13 17:14:23,2025-08-13 17:14:23
602,TOCORNAL EXPORT,2025-08-13 17:14:23,2025-08-13 17:14:23
603,QUEBRADA SECA,2025-08-13 17:14:23,2025-08-13 17:14:23
604,CAPE HORN LTDA.,2025-08-13 17:14:23,2025-08-13 17:14:23
605,HONG SUN EXPORT,2025-08-13 17:14:23,2025-08-13 17:14:23
606,CEXPORT LTDA.,2025-08-13 17:14:23,2025-08-13 17:14:23
607,ANDES RIDGE S.A,2025-08-13 17:14:23,2025-08-13 17:14:23
608,EXPORTADORA CRUXAGRI,2025-08-13 17:14:23,2025-08-13 17:14:23
609,EXP.FRESHLINK,2025-08-13 17:14:23,2025-08-13 17:14:23
610,EXP.SANTA EMMA,2025-08-13 17:14:23,2025-08-13 17:14:23
611,VALPOFRUITS SPA,2025-08-13 17:14:23,2025-08-13 17:14:23
612,EXP.EL MOLLE SP,2025-08-13 17:14:23,2025-08-13 17:14:23
613,CHUCAO EXPORT S,2025-08-13 17:14:23,2025-08-13 17:14:23
614,CATANIA VERDE S,2025-08-13 17:14:23,2025-08-13 17:14:23
615,GLOBAL ANDES EX,2025-08-13 17:14:23,2025-08-13 17:14:23
616,AGRIC.LA PALMA,2025-08-13 17:14:23,2025-08-13 17:14:23
617,EL RODEO FARM,2025-08-13 17:14:23,2025-08-13 17:14:23
618,COM.EYZAGUIRRE,2025-08-13 17:14:23,2025-08-13 17:14:23
619,ENGUERA LTDA.,2025-08-13 17:14:23,2025-08-13 17:14:23
620,AGROFRUIT LTDA.,2025-08-13 17:14:23,2025-08-13 17:14:23
621,TOLFRUT LTDA.,2025-08-13 17:14:23,2025-08-13 17:14:23
622,AGRIC.FERNANDEZ,2025-08-13 17:14:23,2025-08-13 17:14:23
623,IDAHUE CHILE S.,2025-08-13 17:14:23,2025-08-13 17:14:23
624,CANTA RANA LTDA,2025-08-13 17:14:23,2025-08-13 17:14:23
625,QUILACO S.A.,2025-08-13 17:14:23,2025-08-13 17:14:23
626,PEDRO LOBOS,2025-08-13 17:14:23,2025-08-13 17:14:23
627,DOLCE FRUITTI S,2025-08-13 17:14:23,2025-08-13 17:14:23
628,BYB GROUP SPA,2025-08-13 17:14:23,2025-08-13 17:14:23
629,LA ESPERANZA S.,2025-08-13 17:14:23,2025-08-13 17:14:23
630,AGRIC.EL FUERTE Y C,2025-08-13 17:14:23,2025-08-13 17:14:23
631,FRUT.TERRANOVA,2025-08-13 17:14:23,2025-08-13 17:14:23
632,EXP.SAN MATEO,2025-08-13 17:14:23,2025-08-13 17:14:23
633,COM.SVS LTDA.,2025-08-13 17:14:23,2025-08-13 17:14:23
634,RUTA DE LA FRUT,2025-08-13 17:14:23,2025-08-13 17:14:23
635,INV.FORTALEZA,2025-08-13 17:14:23,2025-08-13 17:14:23
636,AGRIC.ROBERTO V,2025-08-13 17:14:23,2025-08-13 17:14:23
637,EXP.MEDAFRUIT,2025-08-13 17:14:23,2025-08-13 17:14:23
638,LA CAMPANA LTDA,2025-08-13 17:14:23,2025-08-13 17:14:23
639,ZEPEDA & CORRAL,2025-08-13 17:14:23,2025-08-13 17:14:23
640,NOBLE FRUIT S.A,2025-08-13 17:14:23,2025-08-13 17:14:23
641,AGRORRED LTDA.,2025-08-13 17:14:23,2025-08-13 17:14:23
642,EXPORTADORA R-T,2025-08-13 17:14:23,2025-08-13 17:14:23
643,EXCOMSUR SPA,2025-08-13 17:14:23,2025-08-13 17:14:23
644,NEXCO,2025-08-13 17:14:23,2025-08-13 17:14:23
645,AGRIFRUTA S.A.,2025-08-13 17:14:23,2025-08-13 17:14:23
646,ECOFRUIT LTDA.,2025-08-13 17:14:23,2025-08-13 17:14:23
647,JHB FRUITS SPA,2025-08-13 17:14:23,2025-08-13 17:14:23
648,PAOLA PAVEZ CATRILEO,2025-08-13 17:14:23,2025-08-13 17:14:23
649,OSA TRADE SPA,2025-08-13 17:14:23,2025-08-13 17:14:23
650,BARRIOS EXPORT SPA,2025-08-13 17:14:23,2025-08-13 17:14:23
651,DAVID GRIFFITHS,2025-08-13 17:14:23,2025-08-13 17:14:23
652,COM.VALORA S.A.,2025-08-13 17:14:23,2025-08-13 17:14:23
653,EXPORTACIONES S Y C,2025-08-13 17:14:23,2025-08-13 17:14:23
654,LUIS VEGA RUSSELL LT,2025-08-13 17:14:23,2025-08-13 17:14:23
655,PONS LTDA.,2025-08-13 17:14:23,2025-08-13 17:14:23
656,CRISTIANALVAREZ,2025-08-13 17:14:23,2025-08-13 17:14:23
657,GRUPO COCHRANE,2025-08-13 17:14:23,2025-08-13 17:14:23
658,EXP.ATACAMA SPA,2025-08-13 17:14:23,2025-08-13 17:14:23
659,TAMBOEX SPA,2025-08-13 17:14:23,2025-08-13 17:14:23
660,FRUTANSIL EXPORT LTD,2025-08-13 17:14:23,2025-08-13 17:14:23
661,COM ABUFRUT LTD,2025-08-13 17:14:23,2025-08-13 17:14:23
662,PEDREGAL SPA,2025-08-13 17:14:23,2025-08-13 17:14:23
663,IND.LIFEFOOD SP,2025-08-13 17:14:23,2025-08-13 17:14:23
664,EXP.CHEQUENLEMU SPA,2025-08-13 17:14:23,2025-08-13 17:14:23
665,JUAN PABLO OSSA E.,2025-08-13 17:14:23,2025-08-13 17:14:23
666,JOSE ANTONIO AGUAYO,2025-08-13 17:14:23,2025-08-13 17:14:23
667,FRAMA FRUT SPA,2025-08-13 17:14:23,2025-08-13 17:14:23
668,COM.RCR LTDA.,2025-08-13 17:14:23,2025-08-13 17:14:23
669,DOÑA MARCELINA,2025-08-13 17:14:23,2025-08-13 17:14:23
670,EXP.MANSEL LTDA.,2025-08-13 17:14:23,2025-08-13 17:14:23
671,RH CHILE SPA,2025-08-13 17:14:23,2025-08-13 17:14:23
672,FRUTAS CORDILLERA SP,2025-08-13 17:14:23,2025-08-13 17:14:23
673,CAMPONOVO MARTI,2025-08-13 17:14:23,2025-08-13 17:14:23
674,VEXPORT SPA,2025-08-13 17:14:23,2025-08-13 17:14:23
675,MAS CHILE SPA,2025-08-13 17:14:23,2025-08-13 17:14:23
676,RAULI FRUTA LTDA.,2025-08-13 17:14:23,2025-08-13 17:14:23
677,PERLAS DE LA PA,2025-08-13 17:14:23,2025-08-13 17:14:23
678,VINEFRESH LTDA.,2025-08-13 17:14:23,2025-08-13 17:14:23
679,AG.SANTA ISABEL,2025-08-13 17:14:23,2025-08-13 17:14:23
680,AGRIC.SOTAQUI,2025-08-13 17:14:23,2025-08-13 17:14:23
681,COMAGRO EXPORT SPA,2025-08-13 17:14:23,2025-08-13 17:14:23
682,SEBASTIAN ASTAB,2025-08-13 17:14:23,2025-08-13 17:14:23
683,COM.TREMUN SPA,2025-08-13 17:14:23,2025-08-13 17:14:23
684,ISIFRUIT SPA,2025-08-13 17:14:23,2025-08-13 17:14:23
685,HEALTHY FRUIT S,2025-08-13 17:14:23,2025-08-13 17:14:23
686,SOUTHERN EXPORT,2025-08-13 17:14:23,2025-08-13 17:14:23
687,NORTH BAY CHILE,2025-08-13 17:14:23,2025-08-13 17:14:23
688,WISH FARMS CHIL,2025-08-13 17:14:23,2025-08-13 17:14:23
689,HUBERRY EXPORT,2025-08-13 17:14:23,2025-08-13 17:14:23
690,FRUTOS DEL VALL,2025-08-13 17:14:23,2025-08-13 17:14:23
691,RSD TRADING SPA,2025-08-13 17:14:23,2025-08-13 17:14:23
692,KRAGOR LTDA.,2025-08-13 17:14:23,2025-08-13 17:14:23
693,P.I.BERRIES SP,2025-08-13 17:14:23,2025-08-13 17:14:23
694,CHILE CHICO CHE,2025-08-13 17:14:23,2025-08-13 17:14:23
695,MARTINI BLUEB.,2025-08-13 17:14:23,2025-08-13 17:14:23
696,BIOFRUIT,2025-08-13 17:14:23,2025-08-13 17:14:23
697,TEMPOFRUT LTDA.,2025-08-13 17:14:23,2025-08-13 17:14:23
698,ANDE DEL SUR SP,2025-08-13 17:14:23,2025-08-13 17:14:23
699,COM.SOY MAS BIO,2025-08-13 17:14:23,2025-08-13 17:14:23
700,CUATRO VIENTO CHILE,2025-08-13 17:14:23,2025-08-13 17:14:23
701,LAS MORAS S.A.,2025-08-13 17:14:23,2025-08-13 17:14:23
702,TRUCAO BERRIES,2025-08-13 17:14:23,2025-08-13 17:14:23
703,REICHERT YHENZI,2025-08-13 17:14:23,2025-08-13 17:14:23
704,AGRIC EL CERRITO S.A,2025-08-13 17:14:23,2025-08-13 17:14:23
705,FISTUR SPA,2025-08-13 17:14:23,2025-08-13 17:14:23
706,EXP.HUBER LTDA,2025-08-13 17:14:23,2025-08-13 17:14:23
707,PATAGONIA FRUITS SPA,2025-08-13 17:14:23,2025-08-13 17:14:23
708,ASES.PATRON LTD,2025-08-13 17:14:23,2025-08-13 17:14:23
709,WELLNESS FRUIT,2025-08-13 17:14:23,2025-08-13 17:14:23
710,SOUTH PACIFIC T,2025-08-13 17:14:23,2025-08-13 17:14:23
711,AGROFRUTA CHERR,2025-08-13 17:14:23,2025-08-13 17:14:23
712,GROWERS EXPORT,2025-08-13 17:14:23,2025-08-13 17:14:23
713,SANTA OLGA SPA,2025-08-13 17:14:23,2025-08-13 17:14:23
714,LPENA SPA,2025-08-13 17:14:23,2025-08-13 17:14:23
715,PRIME HARVEST,2025-08-13 17:14:23,2025-08-13 17:14:23
716,PATAGONIACHERRIES,2025-08-13 17:14:23,2025-08-13 17:14:23
717,SANTA EMMA SPA,2025-08-13 17:14:23,2025-08-13 17:14:23
718,ALTO MIRAFLORES,2025-08-13 17:14:23,2025-08-13 17:14:23
719,EXPOZANO SPA,2025-08-13 17:14:23,2025-08-13 17:14:23
720,PINOCHET FUENZ.,2025-08-13 17:14:23,2025-08-13 17:14:23
721,GOLD CHERRIES S,2025-08-13 17:14:23,2025-08-13 17:14:23
722,YUCAY LTDA.,2025-08-13 17:14:23,2025-08-13 17:14:23
723,FRUTISIMA SPA,2025-08-13 17:14:23,2025-08-13 17:14:23
724,SANTA BARBARA SPA,2025-08-13 17:14:23,2025-08-13 17:14:23
725,AGROIND.J.SOLER,2025-08-13 17:14:23,2025-08-13 17:14:23
726,ALMAFRUIT SPA,2025-08-13 17:14:23,2025-08-13 17:14:23
727,VIÑA EXPODIAL L,2025-08-13 17:14:23,2025-08-13 17:14:23
728,AGRC.BELLAVITA SPA,2025-08-13 17:14:23,2025-08-13 17:14:23
729,VALLE DE LUZ LT,2025-08-13 17:14:23,2025-08-13 17:14:23
730,AGRI NEXIOS SPA,2025-08-13 17:14:23,2025-08-13 17:14:23
731,SOL DEL MAULE S,2025-08-13 17:14:23,2025-08-13 17:14:23
732,EL SILO LTDA,2025-08-13 17:14:23,2025-08-13 17:14:23
733,MACS SPA,2025-08-13 17:14:23,2025-08-13 17:14:23
734,MANKE FOOD SPA,2025-08-13 17:14:23,2025-08-13 17:14:23
735,AGRICOLA NANCUL,2025-08-13 17:14:23,2025-08-13 17:14:23
736,EXP.AREVALO SPA,2025-08-13 17:14:23,2025-08-13 17:14:23
737,SOC.FVZ SPA,2025-08-13 17:14:23,2025-08-13 17:14:23
738,EXP.MANFRUTEX S,2025-08-13 17:14:23,2025-08-13 17:14:23
739,AJOS Y CEBOLLAS,2025-08-13 17:14:23,2025-08-13 17:14:23
740,EXP OSCAR BUSTAMANTE,2025-08-13 17:14:23,2025-08-13 17:14:23
741,EKOLINK SPA,2025-08-13 17:14:23,2025-08-13 17:14:23
742,COM.DE SANTIAGO,2025-08-13 17:14:23,2025-08-13 17:14:23
743,CMS CHILE SPA,2025-08-13 17:14:23,2025-08-13 17:14:23
744,INCAQOCHA SPA,2025-08-13 17:14:23,2025-08-13 17:14:23
745,BARRA Y BARRA,2025-08-13 17:14:23,2025-08-13 17:14:23
746,SOLBIORGANIXFRU,2025-08-13 17:14:23,2025-08-13 17:14:23
747,FRUTO VITALE SP,2025-08-13 17:14:23,2025-08-13 17:14:23
748,DFS FRUIT SPA,2025-08-13 17:14:23,2025-08-13 17:14:23
749,ZHONG YI LTDA,2025-08-13 17:14:23,2025-08-13 17:14:23
750,DYT EXPORT SPA,2025-08-13 17:14:23,2025-08-13 17:14:23
751,PALMIRA EXPORT,2025-08-13 17:14:23,2025-08-13 17:14:23
752,AGROTUNCAGUE LT,2025-08-13 17:14:23,2025-08-13 17:14:23
753,EXP.GALOZ LTDA,2025-08-13 17:14:23,2025-08-13 17:14:23
754,EXP.BULL FRUITS SPA,2025-08-13 17:14:23,2025-08-13 17:14:23
755,LOS QUILLAYES,2025-08-13 17:14:23,2025-08-13 17:14:23
756,FRANCISCO CAST,2025-08-13 17:14:23,2025-08-13 17:14:23
757,EXP.SANTA BERTA,2025-08-13 17:14:23,2025-08-13 17:14:23
758,EXP.CESENA SPA,2025-08-13 17:14:23,2025-08-13 17:14:23
759,ORIGIN FRUIT S.,2025-08-13 17:14:23,2025-08-13 17:14:23
760,SAN ROQUE SPA,2025-08-13 17:14:23,2025-08-13 17:14:23
761,GAP EXPORTADORA,2025-08-13 17:14:23,2025-08-13 17:14:23
762,INES ESCOBAR S.,2025-08-13 17:14:23,2025-08-13 17:14:23
763,EXP.KOALA SPA,2025-08-13 17:14:23,2025-08-13 17:14:23
764,LA VIÑA S.A.,2025-08-13 17:14:23,2025-08-13 17:14:23
765,EXP.SANTO DOMIN,2025-08-13 17:14:23,2025-08-13 17:14:23
766,FRUSOEX II SPA,2025-08-13 17:14:23,2025-08-13 17:14:23
767,CHILE CHERRY SP,2025-08-13 17:14:23,2025-08-13 17:14:23
768,EXPORTAL LTDA.,2025-08-13 17:14:23,2025-08-13 17:14:23
769,ALIVOS EXPORTAC,2025-08-13 17:14:23,2025-08-13 17:14:23
770,INV.ANTILCO LT,2025-08-13 17:14:23,2025-08-13 17:14:23
771,GD IMP AND EXP.,2025-08-13 17:14:23,2025-08-13 17:14:23
772,LA RESERVA SPA,2025-08-13 17:14:23,2025-08-13 17:14:23
773,SANTA ELENA SPA,2025-08-13 17:14:23,2025-08-13 17:14:23
774,KALI FRUIT SPA,2025-08-13 17:14:23,2025-08-13 17:14:23
775,GOLDEN RIVER F,2025-08-13 17:14:23,2025-08-13 17:14:23
776,ENTRE MONTANAS,2025-08-13 17:14:23,2025-08-13 17:14:23
777,GAAN SPA,2025-08-13 17:14:23,2025-08-13 17:14:23
778,BATUDAHUE SPA,2025-08-13 17:14:23,2025-08-13 17:14:23
779,COFRUTA CHILE S,2025-08-13 17:14:23,2025-08-13 17:14:23
780,LAS LOMAS LTDA.,2025-08-13 17:14:23,2025-08-13 17:14:23
781,INV.Y NEG.ANDES,2025-08-13 17:14:23,2025-08-13 17:14:23
782,VINA GARCES SIL,2025-08-13 17:14:23,2025-08-13 17:14:23
783,JAIME E PRADO D,2025-08-13 17:14:23,2025-08-13 17:14:23
784,AGRO NUTRI SPA,2025-08-13 17:14:23,2025-08-13 17:14:23
785,TRES RIOS DE CU,2025-08-13 17:14:23,2025-08-13 17:14:23
786,AGRO RIO LTDA.,2025-08-13 17:14:23,2025-08-13 17:14:23
787,COM.Y EXP.MAGAR SP,2025-08-13 17:14:23,2025-08-13 17:14:23
788,SOCOEXP SPA,2025-08-13 17:14:23,2025-08-13 17:14:23
789,OMBU LTDA.,2025-08-13 17:14:23,2025-08-13 17:14:23
790,EXPORTADORA EB SPA,2025-08-13 17:14:23,2025-08-13 17:14:23
791,LAS GAITAS S.A.,2025-08-13 17:14:23,2025-08-13 17:14:23
792,AGRISOL S.A.,2025-08-13 17:14:23,2025-08-13 17:14:23
793,CHILE FOOD EXP.,2025-08-13 17:14:23,2025-08-13 17:14:23
794,H SERVICES SPA,2025-08-13 17:14:23,2025-08-13 17:14:23
795,AGROC.DAGRO LTD,2025-08-13 17:14:23,2025-08-13 17:14:23
796,AGROIND.MATTE,2025-08-13 17:14:23,2025-08-13 17:14:23
797,FONTANABUONA SP,2025-08-13 17:14:23,2025-08-13 17:14:23
798,CABILTERRA LTDA,2025-08-13 17:14:23,2025-08-13 17:14:23
799,BUEN ASENSO EXP,2025-08-13 17:14:23,2025-08-13 17:14:23
800,AGRIC.TUNDRA LD,2025-08-13 17:14:23,2025-08-13 17:14:23
801,VALLE EXPORT CH,2025-08-13 17:14:23,2025-08-13 17:14:23
802,EXPOFRUTA SPA,2025-08-13 17:14:23,2025-08-13 17:14:23
803,PORTAL MAULE SP,2025-08-13 17:14:23,2025-08-13 17:14:23
804,SHARA HNOS.LTDA,2025-08-13 17:14:23,2025-08-13 17:14:23
805,COOP.DE ORGANICOS C,2025-08-13 17:14:23,2025-08-13 17:14:23
806,FRUIT CONNECTION SPA,2025-08-13 17:14:23,2025-08-13 17:14:23
807,VELEZ EXPORTACIONES,2025-08-13 17:14:23,2025-08-13 17:14:23
808,SUDCHILE SPA,2025-08-13 17:14:23,2025-08-13 17:14:23
809,LINDEROS LTDA.,2025-08-13 17:14:23,2025-08-13 17:14:23
810,FIELDS LTDA.,2025-08-13 17:14:23,2025-08-13 17:14:23
811,IGNACIO PADILLA,2025-08-13 17:14:23,2025-08-13 17:14:23
812,SUPERIOR EXPORT,2025-08-13 17:14:23,2025-08-13 17:14:23
813,MISLCH,2025-08-13 17:14:23,2025-08-13 17:14:23
814,FRUTICOLA SAN MIGUEL,2025-08-13 17:14:23,2025-08-13 17:14:23
815,LOS ALMENDROS SPA,2025-08-13 17:14:23,2025-08-13 17:14:23
816,ANDES PRODUCE S,2025-08-13 17:14:23,2025-08-13 17:14:23
817,ANGOL NUTS SPA,2025-08-13 17:14:23,2025-08-13 17:14:23
818,AGRIC.HENDERSON GONZ,2025-08-13 17:14:23,2025-08-13 17:14:23
819,CATALAYUD LTDA.,2025-08-13 17:14:23,2025-08-13 17:14:23
820,ECONUT LTDA.,2025-08-13 17:14:23,2025-08-13 17:14:23
821,MAIPO EXPORT LT,2025-08-13 17:14:23,2025-08-13 17:14:23
822,ALVAREZ TORRES,2025-08-13 17:14:23,2025-08-13 17:14:23
823,COM.DELINUTS SP,2025-08-13 17:14:23,2025-08-13 17:14:23
824,YUMMY FRUIT SOA,2025-08-13 17:14:23,2025-08-13 17:14:23
825,GLOBAL FRUITS A,2025-08-13 17:14:23,2025-08-13 17:14:23
826,FRUVALEX SPA,2025-08-13 17:14:23,2025-08-13 17:14:23
827,COMERCIAL C Y P,2025-08-13 17:14:23,2025-08-13 17:14:23
828,JINGOLD CHILE S,2025-08-13 17:14:23,2025-08-13 17:14:23
829,DOS VALLES S.A.,2025-08-13 17:14:23,2025-08-13 17:14:23
830,MAKTUB CHILE,2025-08-13 17:14:23,2025-08-13 17:14:23
831,FRESH QUALITY S,2025-08-13 17:14:23,2025-08-13 17:14:23
832,JHB FRUITS EXPORT SP,2025-08-13 17:14:23,2025-08-13 17:14:23
833,CHELAN FRESH CHILE S,2025-08-13 17:14:23,2025-08-13 17:14:23
834,A C SPA,2025-08-13 17:14:23,2025-08-13 17:14:23
835,COM.PROD.DEL AGRO,2025-08-13 17:14:23,2025-08-13 17:14:23
836,LOS MELLIZOS LT,2025-08-13 17:14:23,2025-08-13 17:14:23
837,IMP.GLOBAL FRUIT SPA,2025-08-13 17:14:23,2025-08-13 17:14:23
838,PUGLIFRUT COMPANY SP,2025-08-13 17:14:23,2025-08-13 17:14:23
839,GROWERS FARMS,2025-08-13 17:14:23,2025-08-13 17:14:23
840,MITEXPORT SPA,2025-08-13 17:14:23,2025-08-13 17:14:23
841,EXP.ANDES FRUIT SPA,2025-08-13 17:14:23,2025-08-13 17:14:23
842,AGRICOLLIBIO CHILE S,2025-08-13 17:14:23,2025-08-13 17:14:23
843,LOADS SPA,2025-08-13 17:14:23,2025-08-13 17:14:23
844,FRUTVALL SPA,2025-08-13 17:14:23,2025-08-13 17:14:23
845,SEA NUTS S.A.,2025-08-13 17:14:23,2025-08-13 17:14:23
846,RAMON H PASTENE,2025-08-13 17:14:23,2025-08-13 17:14:23
847,COMERC.LAUMA NUTS,2025-08-13 17:14:23,2025-08-13 17:14:23
848,QLT FRUITS SPA,2025-08-13 17:14:23,2025-08-13 17:14:23
849,PEUMA DRYFRUIT SPA,2025-08-13 17:14:23,2025-08-13 17:14:23
850,EXP.RADIVEL FRU,2025-08-13 17:14:23,2025-08-13 17:14:23
851,SANTO EXPORTACI,2025-08-13 17:14:23,2025-08-13 17:14:23
852,AGR.Y COM AGUSFRUT S,2025-08-13 17:14:23,2025-08-13 17:14:23
853,EXPORTADORA GOVAL SP,2025-08-13 17:14:23,2025-08-13 17:14:23
854,GEOCHILE SPA,2025-08-13 17:14:23,2025-08-13 17:14:23
855,CAMPONORTE SPA,2025-08-13 17:14:23,2025-08-13 17:14:23
856,BLUE WHALE CHIL,2025-08-13 17:14:23,2025-08-13 17:14:23
857,AGRIC.COCHIGUAZ,2025-08-13 17:14:23,2025-08-13 17:14:23
858,AGRIC.LA CHIMBA SPA,2025-08-13 17:14:23,2025-08-13 17:14:23
859,ANJARI EXP.LTDA,2025-08-13 17:14:23,2025-08-13 17:14:23
860,ERTAN ERTAS COM,2025-08-13 17:14:23,2025-08-13 17:14:23
861,ANAKENA FRESH SPA,2025-08-13 17:14:23,2025-08-13 17:14:23
862,AGRIC.LOZANO SUAZO,2025-08-13 17:14:23,2025-08-13 17:14:23
863,INV.SAN LUKAS SPA,2025-08-13 17:14:23,2025-08-13 17:14:23
864,TCSEXPORTS SPA,2025-08-13 17:14:23,2025-08-13 17:14:23
865,TOP ANDES FRESH SPA,2025-08-13 17:14:23,2025-08-13 17:14:23
866,EXP.SANTA LUCILA LT,2025-08-13 17:14:23,2025-08-13 17:14:23
867,CHERRYPLUMS EXPORT S,2025-08-13 17:14:23,2025-08-13 17:14:23
868,VERY IMPORTANT FRUIT,2025-08-13 17:14:23,2025-08-13 17:14:23
869,LOS MAQUIS SPA,2025-08-13 17:14:23,2025-08-13 17:14:23
870,AGROEXP.UNIBAS,2025-08-13 17:14:23,2025-08-13 17:14:23
871,QUEEN FRUT CHIL,2025-08-13 17:14:23,2025-08-13 17:14:23
872,QUILVO ALTO LTD,2025-08-13 17:14:23,2025-08-13 17:14:23
873,AQUAMONTES LTDA,2025-08-13 17:14:23,2025-08-13 17:14:23
874,CLAUDIAGUTIERRE,2025-08-13 17:14:23,2025-08-13 17:14:23
875,EXP.BOA VISTA SPA,2025-08-13 17:14:23,2025-08-13 17:14:23
876,AGR.SOL DEL POQUI,2025-08-13 17:14:23,2025-08-13 17:14:23
877,ALIMENTOS COSTA C,2025-08-13 17:14:23,2025-08-13 17:14:23
878,STORCK CHILE SPA,2025-08-13 17:14:23,2025-08-13 17:14:23
879,GROW & LOGISTC,2025-08-13 17:14:23,2025-08-13 17:14:23
880,AGRICOLA CENTURY SPA,2025-08-13 17:14:23,2025-08-13 17:14:23
881,FRUITWAYS CHILE,2025-08-13 17:14:23,2025-08-13 17:14:23
882,CONSULITA EXPORT SPA,2025-08-13 17:14:23,2025-08-13 17:14:23
883,LA MILAGROSA FR,2025-08-13 17:14:23,2025-08-13 17:14:23
884,FRULATINA LTDA.,2025-08-13 17:14:23,2025-08-13 17:14:23
885,EXP.AGROCOM.BOCO,2025-08-13 17:14:23,2025-08-13 17:14:23
886,AD FRESH SPA,2025-08-13 17:14:23,2025-08-13 17:14:23
887,AURA SPA,2025-08-13 17:14:23,2025-08-13 17:14:23
888,EXP.E IMP.BMG,2025-08-13 17:14:23,2025-08-13 17:14:23
889,HUBERRY SPA,2025-08-13 17:14:23,2025-08-13 17:14:23
890,ROBERTFRUT SPA,2025-08-13 17:14:23,2025-08-13 17:14:23
891,EXP.TIERRA NOBLE SP,2025-08-13 17:14:23,2025-08-13 17:14:23
892,AGRIC.LOBOS HEMANOS,2025-08-13 17:14:23,2025-08-13 17:14:23
893,EXP.COL CHILE SPA,2025-08-13 17:14:23,2025-08-13 17:14:23
894,FRUTOS SECOS LT,2025-08-13 17:14:23,2025-08-13 17:14:23
895,AGROEXP.UVAS DE ATAC,2025-08-13 17:14:23,2025-08-13 17:14:23
896,CINCOSUR S.A.,2025-08-13 17:14:23,2025-08-13 17:14:23
897,SOUTHERN FARMS SPA,2025-08-13 17:14:23,2025-08-13 17:14:23
898,DRISCOLLS CHILE,2025-08-13 17:14:23,2025-08-13 17:14:23
899,ALTAMIRA CHILE,2025-08-13 17:14:23,2025-08-13 17:14:23
900,AGRICOLA EL DESCANSO,2025-08-13 17:14:23,2025-08-13 17:14:23
901,BUENAS BAYAS EXPORTS,2025-08-13 17:14:23,2025-08-13 17:14:23
902,ELQUI BERRIES SPA,2025-08-13 17:14:23,2025-08-13 17:14:23
903,LABELLA FRUTTA,2025-08-13 17:14:23,2025-08-13 17:14:23
904,STA BLANCA Y CI,2025-08-13 17:14:23,2025-08-13 17:14:23
905,LAND FRUIT CHILE SPA,2025-08-13 17:14:23,2025-08-13 17:14:23
906,CRISTIAN TRONCOSO V,2025-08-13 17:14:23,2025-08-13 17:14:23
907,CAROZZI S.A.,2025-08-13 17:14:23,2025-08-13 17:14:23
908,ARA SPA,2025-08-13 17:14:23,2025-08-13 17:14:23
909,LOS TRES ENANOS,2025-08-13 17:14:23,2025-08-13 17:14:23
910,AMP EXPORT LTDA.,2025-08-13 17:14:23,2025-08-13 17:14:23
911,EL ROBLE EXPORT,2025-08-13 17:14:23,2025-08-13 17:14:23
912,FINCA CASABERMEJA SP,2025-08-13 17:14:23,2025-08-13 17:14:23
913,AGRICOLA BIO CITRUS,2025-08-13 17:14:23,2025-08-13 17:14:23
914,ELALMENDRA EXPORT SP,2025-08-13 17:14:23,2025-08-13 17:14:23
915,ANUSAYA FRESH CHILE,2025-08-13 17:14:23,2025-08-13 17:14:23
916,AVALON FRUITS SPA,2025-08-13 17:14:23,2025-08-13 17:14:23
917,SOC.AGROIND.SATURNO,2025-08-13 17:14:23,2025-08-13 17:14:23
918,EXP.ACOGROWERS LTDA,2025-08-13 17:14:23,2025-08-13 17:14:23
919,PCG EXPORT SPA,2025-08-13 17:14:23,2025-08-13 17:14:23
920,LOS ANDES BELTROAD E,2025-08-13 17:14:23,2025-08-13 17:14:23
921,ZOOM LOGISTICS SPA,2025-08-13 17:14:23,2025-08-13 17:14:23
922,DRYFRUIT SPA,2025-08-13 17:14:23,2025-08-13 17:14:23
923,MAVI CHILEAN FR,2025-08-13 17:14:23,2025-08-13 17:14:23
924,AGRIC.LLAHUEN,2025-08-13 17:14:23,2025-08-13 17:14:23
925,AGR.CONQUISTADORES,2025-08-13 17:14:23,2025-08-13 17:14:23
926,INGRID VICTORIA LAMA,2025-08-13 17:14:23,2025-08-13 17:14:23
927,A C BALDRICH CHILE,2025-08-13 17:14:23,2025-08-13 17:14:23
928,TERRAKOY CHILE,2025-08-13 17:14:23,2025-08-13 17:14:23
929,RADAL LTDA.,2025-08-13 17:14:23,2025-08-13 17:14:23
930,FRUTTI DEL CAMPO W,2025-08-13 17:14:23,2025-08-13 17:14:23
931,FRUITS EXPORT SPA,2025-08-13 17:14:23,2025-08-13 17:14:23
932,EXP.WILDFRUITS,2025-08-13 17:14:23,2025-08-13 17:14:23
933,AGRICOLA ALTAMIRA,2025-08-13 17:14:23,2025-08-13 17:14:23
934,ANDES PRIME SPA,2025-08-13 17:14:23,2025-08-13 17:14:23
935,DON BARON EXPORT,2025-08-13 17:14:23,2025-08-13 17:14:23
936,FC SPA,2025-08-13 17:14:23,2025-08-13 17:14:23
937,BEPATAGONIA EXPORT L,2025-08-13 17:14:23,2025-08-13 17:14:23
938,COSTA FRUITS SPA,2025-08-13 17:14:23,2025-08-13 17:14:23
939,VERDANI LTDA.,2025-08-13 17:14:23,2025-08-13 17:14:23
940,SOC.COM.EZQUERRA L,2025-08-13 17:14:23,2025-08-13 17:14:23
941,VALVIFRUT,2025-08-13 17:14:23,2025-08-13 17:14:23
942,RINO FRUIT SPA,2025-08-13 17:14:23,2025-08-13 17:14:23
943,JUAN E.MISLEH,2025-08-13 17:14:23,2025-08-13 17:14:23
944,NATURNICE SPA,2025-08-13 17:14:23,2025-08-13 17:14:23
945,FORESTAL LV,2025-08-13 17:14:23,2025-08-13 17:14:23
946,NOE SPA,2025-08-13 17:14:23,2025-08-13 17:14:23
947,SERV.LOS ORGONES SP,2025-08-13 17:14:23,2025-08-13 17:14:23
948,AGR.SAN CARLOS,2025-08-13 17:14:23,2025-08-13 17:14:23
949,COM.PIWEN SPA,2025-08-13 17:14:23,2025-08-13 17:14:23
950,INMOB.AGRICOLA SPA,2025-08-13 17:14:23,2025-08-13 17:14:23
951,FATIMA UNO LTD.,2025-08-13 17:14:23,2025-08-13 17:14:23
952,CAMARICO EXPORT SPA,2025-08-13 17:14:23,2025-08-13 17:14:23
953,GESTION LOS PRIMOS,2025-08-13 17:14:23,2025-08-13 17:14:23
954,SOC AGR LA PARICION,2025-08-13 17:14:23,2025-08-13 17:14:23
955,COOP.DE JUSTO AL SUR,2025-08-13 17:14:23,2025-08-13 17:14:23
956,SYNERGIA PROYEC,2025-08-13 17:14:23,2025-08-13 17:14:23
957,AURA FOODS SPA,2025-08-13 17:14:23,2025-08-13 17:14:23
958,EXP.ORO VERDE SPA,2025-08-13 17:14:23,2025-08-13 17:14:23
959,SOC.AGRIC.CUPAL LTD,2025-08-13 17:14:23,2025-08-13 17:14:23
960,AGR.Y COM HERNANDEZ,2025-08-13 17:14:23,2025-08-13 17:14:23
961,GEO EXPORT SPA,2025-08-13 17:14:23,2025-08-13 17:14:23
962,HANUSA CHILE SPA,2025-08-13 17:14:23,2025-08-13 17:14:23
963,AGRIC.SUR CHILE SPA,2025-08-13 17:14:23,2025-08-13 17:14:23
964,REDLOG CHILE SP,2025-08-13 17:14:23,2025-08-13 17:14:23
965,SOC.COM.FARIFRUITS,2025-08-13 17:14:23,2025-08-13 17:14:23
966,AGRIC.SANTA ELISA S,2025-08-13 17:14:23,2025-08-13 17:14:23
967,EXP.E IMP.TA TRADING,2025-08-13 17:14:23,2025-08-13 17:14:23
968,OX SPA,2025-08-13 17:14:23,2025-08-13 17:14:23
969,EXP.INTEROCEANIC SP,2025-08-13 17:14:23,2025-08-13 17:14:23
970,ANDACOLLO DE INV.LT,2025-08-13 17:14:23,2025-08-13 17:14:23
971,NATURANDINA CHI,2025-08-13 17:14:23,2025-08-13 17:14:23
972,IMPERIAL FRUIT SPA,2025-08-13 17:14:23,2025-08-13 17:14:23
973,FRUIT ANDES SUR LTDA,2025-08-13 17:14:23,2025-08-13 17:14:23
974,LOS MOLINOS LTD,2025-08-13 17:14:23,2025-08-13 17:14:23
975,COMERCIALIZ.AVOCATE,2025-08-13 17:14:23,2025-08-13 17:14:23
976,GREEN FARM SPA,2025-08-13 17:14:23,2025-08-13 17:14:23
977,AROFA CHILE SPA,2025-08-13 17:14:23,2025-08-13 17:14:23
978,EXP.E IMPORT JCB SP,2025-08-13 17:14:23,2025-08-13 17:14:23
979,COMERCIAL DASAJO SPA,2025-08-13 17:14:23,2025-08-13 17:14:23
980,EXPORT. BRIZA SPA,2025-08-13 17:14:23,2025-08-13 17:14:23
981,EXP.VITAL FRUT SPA,2025-08-13 17:14:23,2025-08-13 17:14:23
982,EL HUINGAN S.A.,2025-08-13 17:14:23,2025-08-13 17:14:23
983,SAN ANTONIO INT.SPA,2025-08-13 17:14:23,2025-08-13 17:14:23
984,AL DANA EXP SPA,2025-08-13 17:14:23,2025-08-13 17:14:23
985,GRIN EXPORT SPA,2025-08-13 17:14:23,2025-08-13 17:14:23
986,AGROVITA S.A.,2025-08-13 17:14:23,2025-08-13 17:14:23
987,ALICAHUE SPA,2025-08-13 17:14:23,2025-08-13 17:14:23
988,S.A.AMANCAI,2025-08-13 17:14:23,2025-08-13 17:14:23
989,EXPORTADORA QUITRAL,2025-08-13 17:14:23,2025-08-13 17:14:23
990,TERRA LIBER SPA,2025-08-13 17:14:23,2025-08-13 17:14:23
991,PEPITA EXPORTS,2025-08-13 17:14:23,2025-08-13 17:14:23
992,MAR AUSTRAL LTD,2025-08-13 17:14:23,2025-08-13 17:14:23
993,EXPORTADORA A Y F SP,2025-08-13 17:14:23,2025-08-13 17:14:23
994,LABRISA SPA,2025-08-13 17:14:23,2025-08-13 17:14:23
995,ACK EXPORTS SPA,2025-08-13 17:14:23,2025-08-13 17:14:23
996,NEATEXPORT LIMITADA,2025-08-13 17:14:23,2025-08-13 17:14:23
997,BYJ EXPORT FRUITS SP,2025-08-13 17:14:23,2025-08-13 17:14:23
998,J.D.COMERCIAL LIMIT,2025-08-13 17:14:23,2025-08-13 17:14:23
999,NIGHTCAST S.A.,2025-08-13 17:14:23,2025-08-13 17:14:23
1000,SOC. EXP.TALAMAYA,2025-08-13 17:14:23,2025-08-13 17:14:23
1001,INTERFRUTAL SPA,2025-08-13 17:14:23,2025-08-13 17:14:23
1002,LONGAVI EXPORT SPA,2025-08-13 17:14:23,2025-08-13 17:14:23
1003,MYL EXPORTACIONES SP,2025-08-13 17:14:23,2025-08-13 17:14:23
1004,SANTA JAVIERA SPA,2025-08-13 17:14:23,2025-08-13 17:14:23
1005,KABAN SPA,2025-08-13 17:14:23,2025-08-13 17:14:23
1006,EXP. DOMIFRUT LTDA,2025-08-13 17:14:23,2025-08-13 17:14:23
1007,SWEET VALLEY LT,2025-08-13 17:14:23,2025-08-13 17:14:23
1008,MARIA DEL TRANSITO L,2025-08-13 17:14:23,2025-08-13 17:14:23
1009,EXP.GOLDENMAR SPA,2025-08-13 17:14:23,2025-08-13 17:14:23
1010,AGROCOM.AUSTRAL SPA,2025-08-13 17:14:23,2025-08-13 17:14:23
1011,EXPORTADORA LECAROS,2025-08-13 17:14:23,2025-08-13 17:14:23
1012,COM.TOCORNAL SPA,2025-08-13 17:14:23,2025-08-13 17:14:23
1013,AMERICA EXPORT SPA,2025-08-13 17:14:23,2025-08-13 17:14:23
1014,TAPERA NUEZ SPA,2025-08-13 17:14:23,2025-08-13 17:14:23
1015,MEGAFRUT,2025-08-13 17:14:23,2025-08-13 17:14:23
1016,RUTA DE LA FRUTA SPA,2025-08-13 17:14:23,2025-08-13 17:14:23
1017,EXPORT. DOBLE M SPA,2025-08-13 17:14:23,2025-08-13 17:14:23
1018,IMP EXP STA FLORENCI,2025-08-13 17:14:23,2025-08-13 17:14:23
1019,EXP.LATINFRUITS SPA,2025-08-13 17:14:23,2025-08-13 17:14:23
1020,EXP.FRUT LAS LUMAS,2025-08-13 17:14:23,2025-08-13 17:14:23
1021,DIVA EXPORT SPA,2025-08-13 17:14:23,2025-08-13 17:14:23
1022,A&B LTDA.,2025-08-13 17:14:23,2025-08-13 17:14:23
1023,APP CHILE SPA,2025-08-13 17:14:23,2025-08-13 17:14:23
1024,ZUAGRO EXPORTADORA S,2025-08-13 17:14:23,2025-08-13 17:14:23
1025,ANGUS SOFT FRUITS CH,2025-08-13 17:14:23,2025-08-13 17:14:23
1026,SANTA EMA SPA,2025-08-13 17:14:23,2025-08-13 17:14:23
1027,GROWMAX FRUITS SPA,2025-08-13 17:14:23,2025-08-13 17:14:23
1028,S Y W INGENIERIA AGR,2025-08-13 17:14:23,2025-08-13 17:14:23
1029,LATITA EXPORT SPA,2025-08-13 17:14:23,2025-08-13 17:14:23
1030,EXP.SHEN JINLI SPA,2025-08-13 17:14:23,2025-08-13 17:14:23
1031,FUHUIDA TRADING CHIL,2025-08-13 17:14:23,2025-08-13 17:14:23
1032,ROFRUT SPA,2025-08-13 17:14:23,2025-08-13 17:14:23
1033,CHILE NATURES BOUNTY,2025-08-13 17:14:23,2025-08-13 17:14:23
1034,ARAUCARIA SPA,2025-08-13 17:14:23,2025-08-13 17:14:23
1035,AGROEX CF BERRI,2025-08-13 17:14:23,2025-08-13 17:14:23
1036,AGRICOLA SANTA OLGA,2025-08-13 17:14:23,2025-08-13 17:14:23
1037,ORGANIC FRESH EXPORT,2025-08-13 17:14:23,2025-08-13 17:14:23
1038,ZJOEX SPA,2025-08-13 17:14:23,2025-08-13 17:14:23
1039,FULL-C SPA,2025-08-13 17:14:23,2025-08-13 17:14:23
1040,JUAN HENRIQUEZ,2025-08-13 17:14:23,2025-08-13 17:14:23
1041,DW INTERNACIONAL SPA,2025-08-13 17:14:23,2025-08-13 17:14:23
1042,CALAFATE FRESH SPA,2025-08-13 17:14:23,2025-08-13 17:14:23
1043,SOC AGR.LA ESTRELLA,2025-08-13 17:14:23,2025-08-13 17:14:23
1044,IMP.EXP.HAC SPA,2025-08-13 17:14:23,2025-08-13 17:14:23
1045,CESPY CHILE SPA,2025-08-13 17:14:23,2025-08-13 17:14:23
1046,AIR SEA EXP IMP CHLE,2025-08-13 17:14:23,2025-08-13 17:14:23
1047,TRES REYES SPA,2025-08-13 17:14:23,2025-08-13 17:14:23
1048,AGRICOLA Y TRANSP JG,2025-08-13 17:14:23,2025-08-13 17:14:23
1049,LIBERATO DIAZ TAPIA,2025-08-13 17:14:23,2025-08-13 17:14:23
1050,TRANGO TOWER EXP SPA,2025-08-13 17:14:23,2025-08-13 17:14:23
1051,AGRICOLA RIO SECO SP,2025-08-13 17:14:23,2025-08-13 17:14:23
1052,RK LATAM SPA,2025-08-13 17:14:23,2025-08-13 17:14:23
1053,COMERCIAL VALLEFRUT,2025-08-13 17:14:23,2025-08-13 17:14:23
1054,EXPORTADORA LAFRUTA,2025-08-13 17:14:23,2025-08-13 17:14:23
1055,CHILE FLAVORS SPA,2025-08-13 17:14:23,2025-08-13 17:14:23
1056,MACHTFRUIT SPA,2025-08-13 17:14:23,2025-08-13 17:14:23
1057,EXP. CUNCUMEN SPA,2025-08-13 17:14:23,2025-08-13 17:14:23
1058,COM.DUART SPA,2025-08-13 17:14:23,2025-08-13 17:14:23
1059,AGRIC.SAN SEBASTIAN,2025-08-13 17:14:23,2025-08-13 17:14:23
1060,EARTHFRUCTIFERA INTE,2025-08-13 17:14:23,2025-08-13 17:14:23
1061,GO NUTS SPA,2025-08-13 17:14:23,2025-08-13 17:14:23
1062,EXP.E IMP WALUNG SP,2025-08-13 17:14:23,2025-08-13 17:14:23
1063,AVOCASAR SPA,2025-08-13 17:14:23,2025-08-13 17:14:23
1064,BETTA AGROEXPORT SPA,2025-08-13 17:14:23,2025-08-13 17:14:23
1065,SAINT TASTE SPA,2025-08-13 17:14:23,2025-08-13 17:14:23
1066,TERRASUR EXPORT SPA,2025-08-13 17:14:23,2025-08-13 17:14:23
1067,CRUXAGRI AVO SPA,2025-08-13 17:14:23,2025-08-13 17:14:23
1068,SMART FOODS SPA,2025-08-13 17:14:23,2025-08-13 17:14:23
1069,GOODPANDA FRUIT SPA,2025-08-13 17:14:23,2025-08-13 17:14:23
1070,SAN SEBASTIAN L,2025-08-13 17:14:23,2025-08-13 17:14:23
1071,COMERCIAL ECOCM LTDA,2025-08-13 17:14:23,2025-08-13 17:14:23
1072,CAMPOSOL CHILE SPA,2025-08-13 17:14:23,2025-08-13 17:14:23
1073,PAUCO SPA,2025-08-13 17:14:23,2025-08-13 17:14:23
1074,MYM FRUIT EXPORT SPA,2025-08-13 17:14:23,2025-08-13 17:14:23
1075,FRESH HARVEST SPA,2025-08-13 17:14:23,2025-08-13 17:14:23
1076,EXP.MANTUL SPA,2025-08-13 17:14:23,2025-08-13 17:14:23
1077,AGRONEGOCIOS TUTTIFR,2025-08-13 17:14:23,2025-08-13 17:14:23
1078,JOTRISA SPA,2025-08-13 17:14:23,2025-08-13 17:14:23
1079,SOC.VARGAS GARR,2025-08-13 17:14:23,2025-08-13 17:14:23
1080,GRUPO BROWN SPA,2025-08-13 17:14:23,2025-08-13 17:14:23
1081,EXP.SAN IGNACIO LTD,2025-08-13 17:14:23,2025-08-13 17:14:23
1082,YM CHILE SPA,2025-08-13 17:14:23,2025-08-13 17:14:23
1083,MANUEL GAND.,2025-08-13 17:14:23,2025-08-13 17:14:23
1084,AGROCUADRA EXP E IMP,2025-08-13 17:14:23,2025-08-13 17:14:23
1085,NELSON BELMAR U,2025-08-13 17:14:23,2025-08-13 17:14:23
1086,PAPAS DEL SUR S,2025-08-13 17:14:23,2025-08-13 17:14:23
1087,SOUL FRUITS SPA,2025-08-13 17:14:23,2025-08-13 17:14:23
1088,EXPOVALLE 3A LIMITAD,2025-08-13 17:14:23,2025-08-13 17:14:23
1089,HUANCHIFRUT SPA,2025-08-13 17:14:23,2025-08-13 17:14:23
1090,COMERC.Y EXP.HGM E,2025-08-13 17:14:23,2025-08-13 17:14:23
1091,LOS ROBLES NUTS SPA,2025-08-13 17:14:23,2025-08-13 17:14:23
1092,MORRON ANDINO,2025-08-13 17:14:23,2025-08-13 17:14:23
1093,LOGISTICA GLOBAL GRO,2025-08-13 17:14:23,2025-08-13 17:14:23
1094,RIORSAN SPA,2025-08-13 17:14:23,2025-08-13 17:14:23
1095,SUNSHINE VALLEY,2025-08-13 17:14:23,2025-08-13 17:14:23
1096,NUECES EL DIAMANTE S,2025-08-13 17:14:23,2025-08-13 17:14:23
1097,EXP.FRUIT PARADISE,2025-08-13 17:14:23,2025-08-13 17:14:23
1098,PASAS DE EXPORT,2025-08-13 17:14:23,2025-08-13 17:14:23
1099,TOPTEN FRESH FRUIT S,2025-08-13 17:14:23,2025-08-13 17:14:23
1100,GOLDEN FRUIT SPA,2025-08-13 17:14:23,2025-08-13 17:14:23
1101,LAS AGRICOLAS L,2025-08-13 17:14:23,2025-08-13 17:14:23
1102,FOB TRADE SPA,2025-08-13 17:14:23,2025-08-13 17:14:23
1103,COM.Y EXP.ROFRUT L,2025-08-13 17:14:23,2025-08-13 17:14:23
1104,RED FOREST SPA,2025-08-13 17:14:23,2025-08-13 17:14:23
1105,SOC.BIO BLOOM SPA,2025-08-13 17:14:23,2025-08-13 17:14:23
1106,EXP.M Y H SPA,2025-08-13 17:14:23,2025-08-13 17:14:23
1107,LA CRUZ DEL SUR SPA,2025-08-13 17:14:23,2025-08-13 17:14:23
1108,LAKEBLUE SPA,2025-08-13 17:14:23,2025-08-13 17:14:23
1109,MANDINGA IMEX SPA,2025-08-13 17:14:23,2025-08-13 17:14:23
1110,EXP.SOL DEL PACIFICO,2025-08-13 17:14:23,2025-08-13 17:14:23
1111,GONVAL SPA,2025-08-13 17:14:23,2025-08-13 17:14:23
1112,AYTUE EXPORT SPA,2025-08-13 17:14:23,2025-08-13 17:14:23
1113,MALLINKO S.A.,2025-08-13 17:14:23,2025-08-13 17:14:23
1114,PARAMOUNT BERRIES,2025-08-13 17:14:23,2025-08-13 17:14:23
1115,SOC EXP.IMP N.T SPA,2025-08-13 17:14:23,2025-08-13 17:14:23
1116,FRUCLEM EXPORT SPA,2025-08-13 17:14:23,2025-08-13 17:14:23
1117,XPORTADORA LOTUS LTD,2025-08-13 17:14:23,2025-08-13 17:14:23
1118,EXP.GOLDEN APPLE SP,2025-08-13 17:14:23,2025-08-13 17:14:23
1119,PAMPA SUR LTDA.,2025-08-13 17:14:23,2025-08-13 17:14:23
1120,FRUTISIMA LTDA.,2025-08-13 17:14:23,2025-08-13 17:14:23
1121,SOC.AGRIC.C Y M,2025-08-13 17:14:23,2025-08-13 17:14:23
1122,LOS PEUMOS SA,2025-08-13 17:14:23,2025-08-13 17:14:23
1123,ARTICULOS MASCOTA,2025-08-13 17:14:23,2025-08-13 17:14:23
1124,INVERSONES MAITE SPA,2025-08-13 17:14:23,2025-08-13 17:14:23
1125,INV EL CARDO SPA,2025-08-13 17:14:23,2025-08-13 17:14:23
1126,EXP. AGROALTO SPA,2025-08-13 17:14:23,2025-08-13 17:14:23
1127,EXP.CLAG CHILE,2025-08-13 17:14:23,2025-08-13 17:14:23
1128,AGRICOLA LAS RAICES,2025-08-13 17:14:23,2025-08-13 17:14:23
1129,SERVICIOS CV SPA,2025-08-13 17:14:23,2025-08-13 17:14:23
1130,JUAN CARLOS NORDETTI,2025-08-13 17:14:23,2025-08-13 17:14:23
1131,AGROLIMACHE SPA,2025-08-13 17:14:23,2025-08-13 17:14:23
1132,EXPORTADORA NUEVA LO,2025-08-13 17:14:23,2025-08-13 17:14:23
1133,SOUTH AMERICAN FRUIT,2025-08-13 17:14:23,2025-08-13 17:14:23
1134,GLOBAL TALSA AG SPA,2025-08-13 17:14:23,2025-08-13 17:14:23
1135,365 FRESH SPA,2025-08-13 17:14:23,2025-08-13 17:14:23
1136,FU CHAN CO.LTDA,2025-08-13 17:14:23,2025-08-13 17:14:23
1137,JFM INVERSIONES SPA,2025-08-13 17:14:23,2025-08-13 17:14:23
1138,MATORI FRUIT EXPORT,2025-08-13 17:14:23,2025-08-13 17:14:23
1139,FUSHUN FRUIT SPA.,2025-08-13 17:14:23,2025-08-13 17:14:23
1140,EXPORTADORA MONTE VE,2025-08-13 17:14:23,2025-08-13 17:14:23
1141,AGR OLIVIA DEL HUIQU,2025-08-13 17:14:23,2025-08-13 17:14:23
1142,ERFRUT LTDA.,2025-08-13 17:14:23,2025-08-13 17:14:23
1143,THE GROWERS CLUB CHI,2025-08-13 17:14:23,2025-08-13 17:14:23
1144,IMPORTADORA Y EXPORT,2025-08-13 17:14:23,2025-08-13 17:14:23
1145,AGRORESERVAS DE CHIL,2025-08-13 17:14:23,2025-08-13 17:14:23
1146,SOC.DE SUMINISTRO D,2025-08-13 17:14:23,2025-08-13 17:14:23
1147,MTG EXPORT.IMP.,2025-08-13 17:14:23,2025-08-13 17:14:23
1148,EXP.PEUMO EXPORT,2025-08-13 17:14:23,2025-08-13 17:14:23
1149,AJ FARMS SPA,2025-08-13 17:14:23,2025-08-13 17:14:23
1150,PATAGONIAKING SPA,2025-08-13 17:14:23,2025-08-13 17:14:23
1151,TOP FRUIT SPA,2025-08-13 17:14:23,2025-08-13 17:14:23
1152,EXP FRUTAS CAMPAZ SP,2025-08-13 17:14:23,2025-08-13 17:14:23
1153,EXPORT MUDAN SPA,2025-08-13 17:14:23,2025-08-13 17:14:23
1154,EXP. HUMBOLDT SPA,2025-08-13 17:14:23,2025-08-13 17:14:23
1155,EXP.SAN JOSE SPA,2025-08-13 17:14:23,2025-08-13 17:14:23
1156,EXP.MALDONADO LTDA.,2025-08-13 17:14:23,2025-08-13 17:14:23
1157,EXPORTADORA FRUTERRA,2025-08-13 17:14:23,2025-08-13 17:14:23
1158,ZHIYA ASIAN SPA,2025-08-13 17:14:23,2025-08-13 17:14:23
1159,AGRICOLA MONTEFRUTAL,2025-08-13 17:14:23,2025-08-13 17:14:23
1160,AZ EXPORT SPA,2025-08-13 17:14:23,2025-08-13 17:14:23
1161,AGRICOLA LARENAS SPA,2025-08-13 17:14:23,2025-08-13 17:14:23
1162,AGROC LA TOSCANA SPA,2025-08-13 17:14:23,2025-08-13 17:14:23
1163,CUYO SPORT SPA,2025-08-13 17:14:23,2025-08-13 17:14:23
1164,EXP.VISSION FRESH S,2025-08-13 17:14:23,2025-08-13 17:14:23
1165,SOCIEDAD VIDRIO CHIL,2025-08-13 17:14:23,2025-08-13 17:14:23
1166,SERVICIOS ESPECIALES,2025-08-13 17:14:23,2025-08-13 17:14:23
1167,EXP.NUEVO SOL LTDA,2025-08-13 17:14:23,2025-08-13 17:14:23
1168,EXPORTADORA DON TUTO,2025-08-13 17:14:23,2025-08-13 17:14:23
1169,AGROC.SEBASTIAN,2025-08-13 17:14:23,2025-08-13 17:14:23
1170,EXP.E IMP.YANTEN L,2025-08-13 17:14:23,2025-08-13 17:14:23
1171,EXP.FUNEXPORT SPA,2025-08-13 17:14:23,2025-08-13 17:14:23
1172,ASESORIAS USHUAJA LT,2025-08-13 17:14:23,2025-08-13 17:14:23
1173,SANTA MONICA,2025-08-13 17:14:23,2025-08-13 17:14:23
1174,SOUTH FARMS EXPORT S,2025-08-13 17:14:23,2025-08-13 17:14:23
1175,COMERCIALIZADORA DE,2025-08-13 17:14:23,2025-08-13 17:14:23
1176,FOP SPA,2025-08-13 17:14:23,2025-08-13 17:14:23
1177,ANNIE ELIZABETH GODO,2025-08-13 17:14:23,2025-08-13 17:14:23
1178,EXP.DE FRUTA BM SPA,2025-08-13 17:14:23,2025-08-13 17:14:23
1179,ALIANZA DESARRO,2025-08-13 17:14:23,2025-08-13 17:14:23
1180,SK GYAN FRUIT SPA,2025-08-13 17:14:23,2025-08-13 17:14:23
1181,OREAMA GROUP SPA,2025-08-13 17:14:23,2025-08-13 17:14:23
1182,EXPORTADORA 10 SPA,2025-08-13 17:14:23,2025-08-13 17:14:23
1183,TRUE ENJOY SPA.,2025-08-13 17:14:23,2025-08-13 17:14:23
1184,AGRICOLA SANTA ANA S,2025-08-13 17:14:23,2025-08-13 17:14:23
1185,ONE CAT SPA,2025-08-13 17:14:23,2025-08-13 17:14:23
1186,RF FAMILY EXPORT SPA,2025-08-13 17:14:23,2025-08-13 17:14:23
1187,EXP. SIBARIT SPA,2025-08-13 17:14:23,2025-08-13 17:14:23
1188,EXP.NOBLE COSECHA S,2025-08-13 17:14:23,2025-08-13 17:14:23
1189,AGRICOLA ESPERANZA S,2025-08-13 17:14:23,2025-08-13 17:14:23
1190,EXPORTADORA MALLECO,2025-08-13 17:14:23,2025-08-13 17:14:23
1191,HUELQUEN EXPORT SPA,2025-08-13 17:14:23,2025-08-13 17:14:23
1192,RAYUN EXPORT SPA,2025-08-13 17:14:23,2025-08-13 17:14:23
1193,RENIGUE LTDA,2025-08-13 17:14:23,2025-08-13 17:14:23
1194,JIANGNAN GROUP SPA,2025-08-13 17:14:23,2025-08-13 17:14:23
1195,CHILEAN FARM EXPORT,2025-08-13 17:14:23,2025-08-13 17:14:23
1196,RIDEX EXPORT CHILE S,2025-08-13 17:14:23,2025-08-13 17:14:23
1197,FRESH FRUITS SPA,2025-08-13 17:14:23,2025-08-13 17:14:23
1198,GRUPO AGRICOLA Y PRO,2025-08-13 17:14:23,2025-08-13 17:14:23
1199,COM.AGROCUADRA SPA,2025-08-13 17:14:23,2025-08-13 17:14:23
1200,COMERCIALIZADORA Y E,2025-08-13 17:14:23,2025-08-13 17:14:23
1201,EXP.SANTA SOFIA SPA,2025-08-13 17:14:23,2025-08-13 17:14:23
1202,BERTHRAND COMERC.EXP,2025-08-13 17:14:23,2025-08-13 17:14:23
1203,AH INVERSIONES SPA,2025-08-13 17:14:23,2025-08-13 17:14:23
1204,SOCIEDAD IMPORTADORA,2025-08-13 17:14:23,2025-08-13 17:14:23
1205,ANDES CHERRIES SPA,2025-08-13 17:14:23,2025-08-13 17:14:23
1206,BLUE NIN EXPORTADORA,2025-08-13 17:14:23,2025-08-13 17:14:23
1207,SOCIEDAD COMERCIAL D,2025-08-13 17:14:23,2025-08-13 17:14:23
1208,SNOW BERRIES WORLD S,2025-08-13 17:14:23,2025-08-13 17:14:23
1209,COM. DON VICHO SPA,2025-08-13 17:14:23,2025-08-13 17:14:23
1210,DOÑA PATRICIA L,2025-08-13 17:14:23,2025-08-13 17:14:23
1211,CUERIES LTDA.,2025-08-13 17:14:23,2025-08-13 17:14:23
1212,SNG INTERNATIONAL SP,2025-08-13 17:14:23,2025-08-13 17:14:23
1213,COMERCIAL PRODUCTOS,2025-08-13 17:14:23,2025-08-13 17:14:23
1214,EXP.AUSTRAL FRUTAS,2025-08-13 17:14:23,2025-08-13 17:14:23
1215,EXP.E IMP.TOPFRESH,2025-08-13 17:14:23,2025-08-13 17:14:23
1216,GLAM FRUIT EXPORT SP,2025-08-13 17:14:23,2025-08-13 17:14:23
1217,LA FINCA COMERCIAL S,2025-08-13 17:14:23,2025-08-13 17:14:23
1218,EXP.AGROSOL SPA,2025-08-13 17:14:23,2025-08-13 17:14:23
1219,DIAZI TWINS SPA,2025-08-13 17:14:23,2025-08-13 17:14:23
1220,EXP.E IMP.MOLCO SPA,2025-08-13 17:14:23,2025-08-13 17:14:23
1221,EXPORTADORA MATRIZ S,2025-08-13 17:14:23,2025-08-13 17:14:23
1222,EXP. E IMP.SOFRESH,2025-08-13 17:14:23,2025-08-13 17:14:23
1223,EXPORTACONCAGUA SPA,2025-08-13 17:14:23,2025-08-13 17:14:23
1224,GOLDEN GROVE LIMITAD,2025-08-13 17:14:23,2025-08-13 17:14:23
